"Years","Run_1","Run_2","Run_3","Run_4","Run_5","Run_6","Run_7","Run_8","Run_9","Run_10","Run_11","Run_12","Run_13","Run_14","Run_15","Run_16"
2020,0.00609507122174,0.00609507122174,0.00609507122174,0.00609507122174,0.00609507122174,0.00609507122174,0.00609507122174,0.00609507122174,0.00609507122174,0.00609507122174,0.00609507122174,0.00609507122174,0.00609507122174,0.00609507122174,0.00609507122174,0.00609507122174
2021,0.00984057867091,0.00984057867091,0.00983711552751,0.00983711552751,0.00984057867091,0.00984057867091,0.00983711552751,0.00983711552751,0.00984058994853,0.00984058994853,0.00983714807204,0.00983714807204,0.00984058992121,0.00984058992121,0.00983714799321,0.00983714799321
2022,0.0147558061267,0.0147558061267,0.0147455790249,0.0147455790249,0.0147558061267,0.0147558061267,0.0147455790249,0.0147455790249,0.0147559101059,0.0147559101059,0.0147458792298,0.0147458792298,0.0147559091102,0.0147559091102,0.0147458763552,0.0147458763552
2023,0.0209573216026,0.0209573216026,0.0209358658353,0.0209358658353,0.0209573216026,0.0209573216026,0.0209358658353,0.0209358658353,0.0209577117458,0.0209577117458,0.0209369927776,0.0209369927776,0.0209577042008,0.0209577042008,0.020936970987,0.020936970987
2024,0.0285523505319,0.0285523505319,0.0285139638526,0.0285139638526,0.0285523505319,0.0285523505319,0.0285139638526,0.0285139638526,0.0285533590933,0.0285533590933,0.0285168784786,0.0285168784786,0.0285533287693,0.0285533287693,0.0285167908688,0.0285167908688
2025,0.0376390646379,0.0376390646379,0.0375767511573,0.0375767511573,0.0376390646379,0.0376390646379,0.0375767511573,0.0375767511573,0.0376411834348,0.0376411834348,0.0375828770549,0.0375828770549,0.0376410958828,0.0376410958828,0.0375826240242,0.0375826240242
2026,0.0717668801887,0.0717668801887,0.0716263831368,0.0716263831368,0.0717668801887,0.0717668801887,0.0716263831368,0.0716263831368,0.0717726636822,0.0717726636822,0.0716431120826,0.0716431120826,0.0717723564966,0.0717723564966,0.071642224038,0.071642224038
2027,0.12038730455,0.12038730455,0.120116295957,0.120116295957,0.12038730455,0.12038730455,0.120116295957,0.120116295957,0.120400213921,0.120400213921,0.12015365366,0.12015365366,0.120399366329,0.120399366329,0.12015120271,0.12015120271
2028,0.185354086043,0.185354086043,0.184883984498,0.184883984498,0.185354086043,0.185354086043,0.184883984498,0.184883984498,0.185379180656,0.185379180656,0.184956637229,0.184956637229,0.185377193902,0.185377193902,0.184950890844,0.184950890844
2029,0.268354936492,0.268354936492,0.267599948614,0.267599948614,0.268354936492,0.268354936492,0.267599948614,0.267599948614,0.268399048793,0.268399048793,0.267727718251,0.267727718251,0.268394908851,0.268394908851,0.267715741522,0.267715741522
2030,0.370926794821,0.370926794821,0.369783192145,0.369783192145,0.370926794821,0.370926794821,0.369783192145,0.369783192145,0.370998637699,0.370998637699,0.369991376897,0.369991376897,0.370990744655,0.370990744655,0.369968538048,0.369968538048
2031,0.400394848276,0.400394848276,0.399055165735,0.399055165735,0.400394848276,0.400394848276,0.399055165735,0.399055165735,0.40048410151,0.40048410151,0.399313920088,0.399313920088,0.400472733931,0.400472733931,0.399281021484,0.399281021484
2032,0.431097274633,0.431097274633,0.42954434398,0.42954434398,0.431097274633,0.431097274633,0.42954434398,0.42954434398,0.431205811243,0.431205811243,0.429859147969,0.429859147969,0.431189914951,0.431189914951,0.429813134959,0.429813134959
2033,0.463017296155,0.463017296155,0.461233479045,0.461233479045,0.463017296155,0.463017296155,0.461233479045,0.461233479045,0.463146934939,0.463146934939,0.461609664138,0.461609664138,0.46312525157,0.46312525157,0.461546889571,0.461546889571
2034,0.496133987341,0.496133987341,0.494101194241,0.494101194241,0.496133987341,0.496133987341,0.494101194241,0.494101194241,0.496286471479,0.496286471479,0.494543881545,0.494543881545,0.49625752057,0.49625752057,0.49446005352,0.49446005352
2035,0.530422219638,0.530422219638,0.528121931275,0.528121931275,0.530422219638,0.530422219638,0.528121931275,0.528121931275,0.530599197815,0.530599197815,0.528635977007,0.528635977007,0.530561260507,0.530561260507,0.528526111228,0.528526111228
2036,0.567394964115,0.567394964115,0.564801168761,0.564801168761,0.567394964115,0.567394964115,0.564801168761,0.564801168761,0.567598531874,0.567598531874,0.565392737762,0.565392737762,0.567549500833,0.567549500833,0.565250722318,0.565250722318
2037,0.605677894521,0.605677894521,0.602769538647,0.602769538647,0.605677894521,0.605677894521,0.602769538647,0.602769538647,0.605909625579,0.605909625579,0.603443291455,0.603443291455,0.605847186285,0.605847186285,0.603262411165,0.603262411165
2038,0.645244910659,0.645244910659,0.642000416877,0.642000416877,0.645244910659,0.645244910659,0.642000416877,0.642000416877,0.645506253898,0.645506253898,0.642760662466,0.642760662466,0.645427794549,0.645427794549,0.642533337296,0.642533337296
2039,0.686065731716,0.686065731716,0.68246302448,0.68246302448,0.686065731716,0.686065731716,0.68246302448,0.68246302448,0.68635799748,0.68635799748,0.683313680663,0.683313680663,0.686260598464,0.686260598464,0.683031434439,0.683031434439
2040,0.728105865979,0.728105865979,0.724122400794,0.724122400794,0.728105865979,0.728105865979,0.724122400794,0.724122400794,0.728430214082,0.728430214082,0.725066959582,0.725066959582,0.728310640347,0.728310640347,0.724720397031,0.724720397031
2041,0.777381887253,0.777381887253,0.772960199736,0.772960199736,0.777381887253,0.777381887253,0.772960199736,0.772960199736,0.777742125158,0.777742125158,0.774009881195,0.774009881195,0.777595676111,0.777595676111,0.773585353084,0.773585353084
2042,0.828341110331,0.828341110331,0.823451939416,0.823451939416,0.828341110331,0.828341110331,0.823451939416,0.823451939416,0.828738526318,0.828738526318,0.824610647093,0.824610647093,0.828560882793,0.828560882793,0.824095601859,0.824095601859
2043,0.880949446366,0.880949446366,0.875562813596,0.875562813596,0.880949446366,0.880949446366,0.875562813596,0.875562813596,0.881385144814,0.881385144814,0.876833931657,0.876833931657,0.881171584808,0.881171584808,0.876214641505,0.876214641505
2044,0.935167751334,0.935167751334,0.929252998935,0.929252998935,0.935167751334,0.935167751334,0.929252998935,0.929252998935,0.935642642026,0.935642642026,0.930639361272,0.930639361272,0.935388040128,0.935388040128,0.929900919225,0.929900919225
2045,0.99095180432,0.99095180432,0.98447763782,0.98447763782,0.99095180432,0.99095180432,0.98447763782,0.98447763782,0.991466593424,0.991466593424,0.985981501964,0.985981501964,0.991165424302,0.991165424302,0.985107830604,0.985107830604
2046,1.05618733829,1.05618733829,1.04906834287,1.04906834287,1.05618733829,1.05618733829,1.04906834287,1.04906834287,1.05674672172,1.05674672172,1.05070364944,1.05070364944,1.05639038158,1.05639038158,1.04966972767,1.04966972767
2047,1.12357628749,1.12357628749,1.11577193717,1.11577193717,1.12357628749,1.12357628749,1.11577193717,1.11577193717,1.12418102815,1.12418102815,1.11754116825,1.11754116825,1.1237623837,1.1237623837,1.11632622508,1.11632622508
2048,1.19307452876,1.19307452876,1.18454338978,1.18454338978,1.19307452876,1.19307452876,1.18454338978,1.18454338978,1.19372512631,1.19372512631,1.18644828228,1.18644828228,1.19323655555,1.19323655555,1.1850301126,1.1850301126
2049,1.26463184116,1.26463184116,1.25533162434,1.25533162434,1.26463184116,1.26463184116,1.25533162434,1.25533162434,1.26532852586,1.26532852586,1.257373152,1.257373152,1.2647619313,1.2647619313,1.25572815326,1.25572815326
2050,1.33819189735,1.33819189735,1.32807951618,1.32807951618,1.33819189735,1.33819189735,1.32807951618,1.32807951618,1.33893462586,1.33893462586,1.3302578775,1.3302578775,1.33828145213,1.33828145213,1.32836109897,1.32836109897
2051,1.41424904248,1.41424904248,1.40327628723,1.40327628723,1.41424904248,1.41424904248,1.40327628723,1.40327628723,1.41503780486,1.41503780486,1.40559180715,1.40559180715,1.41428874875,1.41428874875,1.40341610596,1.40341610596
2052,1.49287079996,1.49287079996,1.48098735693,1.48098735693,1.49287079996,1.49287079996,1.48098735693,1.48098735693,1.49370537192,1.49370537192,1.48343976274,1.48343976274,1.49285054822,1.49285054822,1.48095628716,1.48095628716
2053,1.57405203476,1.57405203476,1.5612060895,1.5612060895,1.57405203476,1.57405203476,1.5612060895,1.5612060895,1.57493192361,1.57493192361,1.56379435278,1.56379435278,1.57396085917,1.57396085917,1.56097254007,1.56097254007
2054,1.65778260605,1.65778260605,1.64392085893,1.64392085893,1.65778260605,1.65778260605,1.64392085893,1.64392085893,1.65870703931,1.65870703931,1.64664316281,1.64664316281,1.65760858268,1.65760858268,1.64345047189,1.64345047189
2055,1.74404720595,1.74404720595,1.72911489446,1.72911489446,1.74404720595,1.74404720595,1.72911489446,1.72911489446,1.74501512175,1.74501512175,1.73196860619,1.73196860619,1.74377738287,1.74377738287,1.72837033285,1.72837033285
2056,1.84039569384,1.84039569384,1.82427019515,1.82427019515,1.84039569384,1.84039569384,1.82427019515,1.82427019515,1.84140989618,1.84140989618,1.8272641345,1.8272641345,1.8400144468,1.8400144468,1.82320653975,1.82320653975
2057,1.93990719806,1.93990719806,1.92252172745,1.92252172745,1.93990719806,1.93990719806,1.92252172745,1.92252172745,1.94096626697,1.94096626697,1.92565232105,1.92565232105,1.9393983041,1.9393983041,1.9210921694,1.9210921694
2058,2.04257594299,2.04257594299,2.02386183478,2.02386183478,2.04257594299,2.04257594299,2.02386183478,2.02386183478,2.04367807962,2.04367807962,2.0271244394,2.0271244394,2.04192185646,2.04192185646,2.02201571254,2.02201571254
2059,2.14839038494,2.14839038494,2.12827711252,2.12827711252,2.14839038494,2.14839038494,2.12827711252,2.12827711252,2.14953340657,2.14953340657,2.13166600074,2.13166600074,2.14757223623,2.14757223623,2.12595990235,2.12595990235
2060,2.25733304014,2.25733304014,2.23574824436,2.23574824436,2.25733304014,2.25733304014,2.23574824436,2.23574824436,2.25851437709,2.25851437709,2.23925659602,2.23925659602,2.25633064692,2.25633064692,2.23290158799,2.23290158799
2061,2.37861994489,2.37861994489,2.35539915694,2.35539915694,2.37861994489,2.37861994489,2.35539915694,2.35539915694,2.37984136215,2.37984136215,2.35903310983,2.35903310983,2.37740706131,2.37740706131,2.35194733404,2.35194733404
2062,2.50378809841,2.50378809841,2.47884360842,2.47884360842,2.50378809841,2.50378809841,2.47884360842,2.47884360842,2.50504634693,2.50504634693,2.48259450415,2.48259450415,2.50234007722,2.50234007722,2.47471527875,2.47471527875
2063,2.63283125495,2.63283125495,2.60607308805,2.60607308805,2.63283125495,2.63283125495,2.60607308805,2.60607308805,2.63412256683,2.63412256683,2.60993079836,2.60993079836,2.63112188415,2.63112188415,2.60119233017,2.60119233017
2064,2.76573654996,2.76573654996,2.73707248603,2.73707248603,2.76573654996,2.76573654996,2.73707248603,2.73707248603,2.76705664426,2.76705664426,2.74102543012,2.74102543012,2.76373809219,2.76373809219,2.73135890709,2.73135890709
2065,2.90248431811,2.90248431811,2.87181992266,2.87181992266,2.90248431811,2.90248431811,2.87181992266,2.87181992266,2.9038284089,2.9038284089,2.87585509069,2.87585509069,2.90016755809,2.90016755809,2.86518879177,2.86518879177
2066,3.05423260648,3.05423260648,3.02135072272,3.02135072272,3.05423260648,3.05423260648,3.02135072272,3.02135072272,3.05560037984,3.05560037984,3.02546866505,3.02546866505,3.05155700654,3.05155700654,3.01368475927,3.01368475927
2067,3.21071923326,3.21071923326,3.17550615652,3.17550615652,3.21071923326,3.21071923326,3.17550615652,3.17550615652,3.21210477666,3.21210477666,3.17969076775,3.17969076775,3.20764977849,3.20764977849,3.16670372699,3.16670372699
2068,3.37193773601,3.37193773601,3.3342771329,3.3342771329,3.37193773601,3.37193773601,3.3342771329,3.3342771329,3.37333444081,3.37333444081,3.33851032911,3.33851032911,3.36843762613,3.36843762613,3.3242313562,3.3242313562
2069,3.53787408987,3.53787408987,3.49764701159,3.49764701159,3.53787408987,3.53787408987,3.49764701159,3.49764701159,3.53927467575,3.53927467575,3.50190880144,3.50190880144,3.5339048114,3.5339048114,3.48624596461,3.48624596461
2070,3.70850651712,3.70850651712,3.66559142789,3.66559142789,3.70850651712,3.70850651712,3.66559142789,3.66559142789,3.70990305853,3.70990305853,3.66985998963,3.66985998963,3.70402792141,3.70402792141,3.65271836874,3.65271836874
2071,3.89724001313,3.89724001313,3.85135450032,3.85135450032,3.89724001313,3.89724001313,3.85135450032,3.85135450032,3.89862868238,3.89862868238,3.85562076253,3.85562076253,3.89219284568,3.89219284568,3.8368376117,3.8368376117
2072,4.09172876575,4.09172876575,4.04272751075,4.04272751075,4.09172876575,4.09172876575,4.04272751075,4.04272751075,4.09309990572,4.09309990572,4.04696484573,4.04696484573,4.08606541837,4.08606541837,4.02642827096,4.02642827096
2073,4.29196644477,4.29196644477,4.23970120719,4.23970120719,4.29196644477,4.29196644477,4.23970120719,4.23970120719,4.29330948027,4.29330948027,4.24388036785,4.24388036785,4.28563726369,4.28563726369,4.2214750628,4.2214750628
2074,4.49793811668,4.49793811668,4.44225773129,4.44225773129,4.49793811668,4.49793811668,4.44225773129,4.44225773129,4.49924160901,4.49924160901,4.44634700988,4.44634700988,4.4908915125,4.4908915125,4.42195441336,4.42195441336
2075,4.70962004744,4.70962004744,4.65037044227,4.65037044227,4.70962004744,4.70962004744,4.65037044227,4.65037044227,4.71087175049,4.71087175049,4.65433583337,4.65433583337,4.70180260955,4.70180260955,4.62783429613,4.62783429613
2076,4.94299675625,4.94299675625,4.87981609433,4.87981609433,4.94299675625,4.94299675625,4.87981609433,4.87981609433,4.94418741425,4.94418741425,4.88363349102,4.88363349102,4.93432504206,4.93432504206,4.85480470477,4.85480470477
2077,5.18332824972,5.18332824972,5.11603363677,5.11603363677,5.18332824972,5.18332824972,5.11603363677,5.11603363677,5.18444308869,5.18444308869,5.11966196347,5.11966196347,5.17373931039,5.17373931039,5.08836345642,5.08836345642
2078,5.4306087827,5.4306087827,5.35901426115,5.35901426115,5.4306087827,5.4306087827,5.35901426115,5.35901426115,5.43163183604,5.43163183604,5.36240902494,5.36240902494,5.42003729393,5.42003729393,5.3284947191,5.3284947191
2079,5.68482286405,5.68482286405,5.60873937785,5.60873937785,5.68482286405,5.68482286405,5.60873937785,5.60873937785,5.68573707452,5.68573707452,5.61185296498,5.61185296498,5.67320128853,5.67320128853,5.57517334945,5.57517334945
2080,5.94594505554,5.94594505554,5.86518044511,5.86518044511,5.94594505554,5.94594505554,5.86518044511,5.86518044511,5.94673237709,5.94673237709,5.86796241722,5.86796241722,5.93320380819,5.93320380819,5.8283647307,5.8283647307
2081,6.23289900162,6.23289900162,6.14699656915,6.14699656915,6.23289900162,6.23289900162,6.14699656915,6.14699656915,6.2335422741,6.2335422741,6.14940073945,6.14940073945,6.21892377928,6.21892377928,6.10659853709,6.10659853709
2082,6.52821410697,6.52821410697,6.43694746548,6.43694746548,6.52821410697,6.52821410697,6.43694746548,6.43694746548,6.52869173433,6.52869173433,6.4389134016,6.4389134016,6.51292322976,6.51292322976,6.39272849342,6.39272849342
2083,6.83188575376,6.83188575376,6.73502558406,6.73502558406,6.83188575376,6.83188575376,6.73502558406,6.73502558406,6.83217461239,6.83217461239,6.73648845487,6.73648845487,6.81519475345,6.81519475345,6.68673878429,6.68673878429
2084,7.14389832933,7.14389832933,7.04121228818,7.04121228818,7.14389832933,7.14389832933,7.04121228818,7.04121228818,7.14397394215,7.14397394215,7.04210337049,7.04210337049,7.12572018937,7.12572018937,6.98860320473,6.98860320473
2085,7.4642250251,7.4642250251,7.35547769699,7.35547769699,7.4642250251,7.4642250251,7.35547769699,7.35547769699,7.46406173234,7.46406173234,7.35572487268,7.35572487268,7.44447042095,7.44447042095,7.29828500408,7.29828500408
2086,7.8151227714,7.8151227714,7.6997463944,7.6997463944,7.8151227714,7.8151227714,7.6997463944,7.6997463944,7.81469239319,7.81469239319,7.69927248025,7.69927248025,7.79363856192,7.79363856192,7.63752374121,7.63752374121
2087,8.17602029683,8.17602029683,8.05373974331,8.05373974331,8.17602029683,8.17602029683,8.05373974331,8.05373974331,8.17529234184,8.17529234184,8.05245893721,8.05245893721,8.15270199292,8.15270199292,7.98618132103,7.98618132103
2088,8.54691470196,8.54691470196,8.41745248918,8.41745248918,8.54691470196,8.54691470196,8.41745248918,8.41745248918,8.54585674817,8.54585674817,8.41527339796,8.41527339796,8.52165452904,8.52165452904,8.34424272461,8.34424272461
2089,8.9277907329,8.9277907329,8.79086683747,8.79086683747,8.9277907329,8.9277907329,8.79086683747,8.79086683747,8.92636870897,8.92636870897,8.78769329675,8.78769329675,8.90047798606,8.90047798606,8.71168142749,8.71168142749
2090,9.31862058584,9.31862058584,9.17395232189,9.17395232189,9.31862058584,9.31862058584,9.17395232189,9.17395232189,9.31679904334,9.31679904334,9.16968418951,9.16968418951,9.28914198044,9.28914198044,9.08845925543,9.08845925543
2091,9.74544642579,9.74544642579,9.59233859079,9.59233859079,9.74544642579,9.74544642579,9.59233859079,9.59233859079,9.74318233641,9.74318233641,9.58685665675,9.58685665675,9.71360058568,9.71360058568,9.49995005056,9.49995005056
2092,10.1841688527,10.1841688527,10.022293938,10.022293938,10.1841688527,10.1841688527,10.022293938,10.022293938,10.1814203656,10.1814203656,10.0154798198,10.0154798198,10.1498237324,10.1498237324,9.9226227889,9.9226227889
2093,10.634787215,10.634787215,10.4638166217,10.4638166217,10.634787215,10.634787215,10.4638166217,10.4638166217,10.63151007,10.63151007,10.4555449152,10.4555449152,10.5978069102,10.5978069102,10.3564642287,10.3564642287
2094,11.0972870306,11.0972870306,10.9168907359,10.9168907359,11.0972870306,11.0972870306,10.9168907359,10.9168907359,11.0934349966,11.0934349966,10.9070302928,10.9070302928,11.0575323019,11.0575323019,10.8014484915,10.8014484915
2095,11.5716398052,11.5716398052,11.3814861213,11.3814861213,11.5716398052,11.5716398052,11.3814861213,11.3814861213,11.5671650987,11.5671650987,11.369901272,11.369901272,11.5289685878,11.5289685878,11.2575369363,11.2575369363
2096,12.0882612008,12.0882612008,11.8875109999,11.8875109999,12.0882612008,12.0882612008,11.8875109999,11.8875109999,12.0831013048,12.0831013048,11.8740270495,11.8740270495,12.0424127468,12.0424127468,11.7542926405,11.7542926405
2097,12.6189602519,12.6189602519,12.4072329427,12.4072329427,12.6189602519,12.6189602519,12.4072329427,12.4072329427,12.6130590963,12.6130590963,12.3916904703,12.3916904703,12.5697696187,12.5697696187,12.2642609811,12.2642609811
2098,13.1637387714,13.1637387714,12.9406549555,12.9406549555,13.1637387714,13.1637387714,12.9406549555,12.9406549555,13.1570373172,13.1570373172,12.9228858238,12.9228858238,13.1110365265,13.1110365265,12.7874315399,12.7874315399
2099,13.7225831427,13.7225831427,13.4877640521,13.4877640521,13.7225831427,13.7225831427,13.4877640521,13.4877640521,13.7150200449,13.7150200449,13.4675933445,13.4675933445,13.6661961277,13.6661961277,13.3237801438,13.3237801438
2100,14.2954641606,14.2954641606,14.048531233,14.048531233,14.2954641606,14.2954641606,14.048531233,14.048531233,14.2869763966,14.2869763966,14.0257790886,14.0257790886,14.2352162287,14.2352162287,13.8732687648,13.8732687648
2101,14.8851074566,14.8851074566,14.6256353976,14.6256353976,14.8851074566,14.8851074566,14.6256353976,14.6256353976,14.8756284484,14.8756284484,14.6001119215,14.6001119215,14.8208073491,14.8208073491,14.4385319972,14.4385319972
2102,15.4903174972,15.4903174972,15.2179100108,15.2179100108,15.4903174972,15.4903174972,15.2179100108,15.2179100108,15.4797779614,15.4797779614,15.1894171302,15.1894171302,15.4217742957,15.4217742957,15.0184039681,15.0184039681
2103,16.1111418874,16.1111418874,15.8254115197,15.8254115197,16.1111418874,16.1111418874,15.8254115197,15.8254115197,16.0994696602,16.0994696602,15.7937426294,15.7937426294,16.0381608465,16.0381608465,15.6129297104,15.6129297104
2104,16.7476141512,16.7476141512,16.4481807002,16.4481807002,16.7476141512,16.7476141512,16.4481807002,16.4481807002,16.7347349683,16.7347349683,16.4131229531,16.4131229531,16.6699975524,16.6699975524,16.2221410976,16.2221410976
2105,17.3997536346,17.3997536346,17.086242868,17.086242868,17.3997536346,17.3997536346,17.086242868,17.086242868,17.385591864,17.385591864,17.0475793252,17.0475793252,17.3173016213,17.3173016213,16.8460570002,16.8460570002
2106,18.1027331154,18.1027331154,17.774138141,17.774138141,18.1027331154,18.1027331154,17.774138141,17.774138141,18.087181228,18.087181228,17.7315641337,17.7315641337,18.0150728573,18.0150728573,17.5187132805,17.5187132805
2107,18.8239862512,18.8239862512,18.4798932387,18.4798932387,18.8239862512,18.8239862512,18.4798932387,18.4798932387,18.8069575191,18.8069575191,18.4331596838,18.4331596838,18.7308904412,18.7308904412,18.2085600836,18.2085600836
2108,19.5635734334,19.5635734334,19.2035789915,19.2035789915,19.5635734334,19.5635734334,19.2035789915,19.2035789915,19.5449775208,19.5449775208,19.152426063,19.152426063,19.4648102184,19.4648102184,18.915654665,18.915654665
2109,20.3215398727,20.3215398727,19.945249498,19.945249498,20.3215398727,20.3215398727,19.945249498,19.945249498,20.3012840041,20.3012840041,19.8894100554,19.8894100554,20.216874145,20.216874145,19.6400413497,19.6400413497
2110,21.0979155028,21.0979155028,20.7049423422,20.7049423422,21.0979155028,21.0979155028,20.7049423422,20.7049423422,21.0759055439,21.0759055439,20.6441451009,20.6441451009,20.9871101091,20.9871101091,20.3817515083,20.3817515083
2111,21.9343965688,21.9343965688,21.5235812098,21.5235812098,21.9343965688,21.9343965688,21.5235812098,21.5235812098,21.9104912615,21.9104912615,21.4574240177,21.4574240177,21.816988647,21.816988647,21.1810500489,21.1810500489
2112,22.7922739475,22.7922739475,22.3631899153,22.3631899153,22.7922739475,22.7922739475,22.3631899153,22.3631899153,22.7663654572,22.7663654572,22.2913615705,22.2913615705,22.667993838,22.667993838,22.0005237171,22.0005237171
2113,23.6716239632,23.6716239632,23.2238603984,23.2238603984,23.6716239632,23.6716239632,23.2238603984,23.2238603984,23.6436001405,23.6436001405,23.1460367469,23.1460367469,23.5401968426,23.5401968426,22.8402489869,22.8402489869
2114,24.5725063699,24.5725063699,24.105666072,24.105666072,24.5725063699,24.5725063699,24.105666072,24.105666072,24.5422524219,24.5422524219,24.0215149128,24.0215149128,24.4336540593,24.4336540593,23.7002891301,23.7002891301
2115,25.4949642939,25.4949642939,25.0086621577,25.0086621577,25.4949642939,25.4949642939,25.0086621577,25.0086621577,25.4623643157,25.4623643157,24.9178477401,24.9178477401,25.3484069391,25.3484069391,24.580694178,24.580694178
2116,26.4895472259,26.4895472259,25.9824442358,25.9824442358,26.4895472259,26.4895472259,25.9824442358,25.9824442358,26.4544168805,26.4544168805,25.8844393747,25.8844393747,26.3347075173,26.3347075173,25.5301905624,25.5301905624
2117,27.5091132928,27.5091132928,26.9807910968,26.9807910968,27.5091132928,27.5091132928,26.9807910968,26.9807910968,27.4713201718,27.4713201718,26.8752116347,26.8752116347,27.3456734957,27.3456734957,26.5033143368,26.5033143368
2118,28.5537558311,28.5537558311,28.003820103,28.003820103,28.5537558311,28.5537558311,28.003820103,28.003820103,28.5131624734,28.5131624734,27.8902665633,27.8902665633,28.3813925099,28.3813925099,27.5001657094,27.5001657094
2119,29.6235499698,29.6235499698,29.0516277131,29.0516277131,29.6235499698,29.6235499698,29.0516277131,29.0516277131,29.5800162096,29.5800162096,28.9296921995,28.9296921995,29.441936521,29.441936521,28.5208314479,28.5208314479
2120,30.7185526385,30.7185526385,30.1242900252,30.1242900252,30.7185526385,30.7185526385,30.1242900252,30.1242900252,30.6719377429,30.6719377429,29.9935625011,29.9935625011,30.5273616328,30.5273616328,29.5653848614,29.5653848614
2121,31.8853018642,31.8853018642,31.2674653613,31.2674653613,31.8853018642,31.8853018642,31.2674653613,31.2674653613,31.8353916497,31.8353916497,31.1273289443,31.1273289443,31.6839114019,31.6839114019,30.6786228663,30.6786228663
2122,33.0802053417,33.0802053417,32.4384402887,32.4384402887,33.0802053417,33.0802053417,32.4384402887,32.4384402887,33.0268429872,33.0268429872,32.2884371208,32.2884371208,32.8682542144,32.8682542144,31.8185932827,31.8185932827
2123,34.3033537197,34.3033537197,33.6373411727,33.6373411727,34.3033537197,34.3033537197,33.6373411727,33.6373411727,34.2463769159,34.2463769159,33.4769965326,33.4769965326,34.0804752503,34.0804752503,32.9854058736,32.9854058736
2124,35.5548180289,35.5548180289,34.8642709707,34.8642709707,35.5548180289,35.5548180289,34.8642709707,34.8642709707,35.4940621656,35.4940621656,34.6931026522,34.6931026522,35.3206435243,35.3206435243,34.1791571754,34.1791571754
2125,36.8346498013,36.8346498013,36.1193100939,36.1193100939,36.8346498013,36.8346498013,36.1193100939,36.1193100939,36.7699508473,36.7699508473,35.936836869,35.936836869,36.5888117234,36.5888117234,35.3999305252,35.3999305252
2126,37.2175029639,37.2175029639,36.4951191159,36.4951191159,37.2175029639,37.2175029639,36.4951191159,36.4951191159,37.150370283,37.150370283,36.3055839639,36.3055839639,36.965898731,36.965898731,35.7587230421,35.7587230421
2127,37.5984993081,37.5984993081,36.8694512357,36.8694512357,37.5984993081,37.5984993081,36.8694512357,36.8694512357,37.5289227613,37.5289227613,36.6728172644,36.6728172644,37.3411468291,37.3411468291,36.1160874696,36.1160874696
2128,37.9773927166,37.9773927166,37.2420598709,37.2420598709,37.9773927166,37.9773927166,37.2420598709,37.2420598709,37.9053704957,37.9053704957,37.0383146085,37.0383146085,37.7143215934,37.7143215934,36.4718118521,36.4718118521
2129,38.3539447126,38.3539447126,37.6127047553,37.6127047553,38.3539447126,38.3539447126,37.6127047553,37.6127047553,38.2794813952,38.2794813952,37.4018545126,37.4018545126,38.0851941364,38.0851941364,36.8256843928,36.8256843928
2130,38.7279243854,38.7279243854,37.9811521757,37.9811521757,38.7279243854,38.7279243854,37.9811521757,37.9811521757,38.6510294462,38.6510294462,37.7632177296,37.7632177296,38.4535414568,38.4535414568,37.1774949212,37.1774949212
2131,39.1379986241,39.1379986241,38.3853161817,38.3853161817,39.1379986241,39.1379986241,38.3853161817,38.3853161817,39.0586062663,39.0586062663,38.1601052697,38.1601052697,38.8577578726,38.8577578726,37.564359327,37.564359327
2132,39.5459593371,39.5459593371,38.7877135861,38.7877135861,39.5459593371,39.5459593371,38.7877135861,38.7877135861,39.464081099,39.464081099,38.5552534376,38.5552534376,39.2599065952,39.2599065952,37.949589156,37.949589156
2133,39.9515688557,39.9515688557,39.1880978369,39.1880978369,39.9515688557,39.9515688557,39.1880978369,39.1880978369,39.8672196132,39.8672196132,38.9484256274,38.9484256274,39.6597548578,39.6597548578,38.3329524383,38.3329524383
2134,40.3545981196,40.3545981196,39.5862321713,39.5862321713,40.3545981196,40.3545981196,39.5862321713,39.5862321713,40.2677953792,40.2677953792,39.3393929511,39.3393929511,40.0570775265,40.0570775265,38.7142241087,38.7142241087
2135,40.7548263039,40.7548263039,39.9818890054,39.9818890054,40.7548263039,40.7548263039,39.9818890054,39.9818890054,40.6655896666,40.6655896666,39.7279341287,39.7279341287,40.4516569579,40.4516569579,39.093186079,39.093186079
2136,41.1917841029,41.1917841029,40.4138418766,40.4138418766,41.1917841029,41.1917841029,40.4138418766,40.4138418766,41.1000460194,41.1000460194,40.1525747572,40.1525747572,40.8827275149,40.8827275149,39.5077431745,39.5077431745
2137,41.6265310167,41.6265310167,40.8438792304,40.8438792304,41.6265310167,41.6265310167,40.8438792304,40.8438792304,41.5323086019,41.5323086019,40.57534428,40.57534428,41.3116357603,41.3116357603,39.920525163,39.920525163
2138,42.0588352576,42.0588352576,41.2717616238,41.2717616238,42.0588352576,42.0588352576,41.2717616238,41.2717616238,41.9621472503,41.9621472503,40.9960081388,40.9960081388,41.7381521248,41.7381521248,40.331299105,40.331299105
2139,42.4884736683,42.4884736683,41.6972596575,41.6972596575,42.4884736683,42.4884736683,41.6972596575,41.6972596575,42.3893402243,42.3893402243,41.414341208,41.414341208,42.1620554789,42.1620554789,40.7398415622,40.7398415622
2140,42.9152313021,42.9152313021,42.1201532496,42.1201532496,42.9152313021,42.9152313021,42.1201532496,42.1201532496,42.8136738404,42.8136738404,41.8301272268,41.8301272268,42.5831327645,42.5831327645,41.145938019,41.145938019
2141,43.3795280016,43.3795280016,42.5801093156,42.5801093156,43.3795280016,43.3795280016,42.5801093156,42.5801093156,43.2754712168,43.2754712168,42.2827568555,42.2827568555,43.041488199,43.041488199,41.5883293338,41.5883293338
2142,43.8416209306,43.8416209306,43.0381160159,43.0381160159,43.8416209306,43.8416209306,43.0381160159,43.0381160159,43.735082362,43.735082362,42.7334833287,42.7334833287,43.4976833336,43.4976833336,42.0288963338,42.0288963338
2143,44.3012805722,44.3012805722,43.4939390645,43.4939390645,44.3012805722,44.3012805722,43.4939390645,43.4939390645,44.1922788198,44.1922788198,43.1820755389,43.1820755389,43.9514902871,43.9514902871,42.4674094566,42.4674094566
2144,44.7582859336,44.7582859336,43.9473538144,43.9473538144,44.7582859336,44.7582859336,43.9473538144,43.9473538144,44.6468406855,44.6468406855,43.6283120999,43.6283120999,44.4026898182,44.4026898182,42.9036491514,42.9036491514
2145,45.2124241418,45.2124241418,44.3981445954,44.3981445954,45.2124241418,45.2124241418,44.3981445954,44.3981445954,45.0985561977,45.0985561977,44.071980673,44.071980673,44.8510708975,44.8510708975,43.3374051422,43.3374051422
2146,45.7050346883,45.7050346883,44.8869055876,44.8869055876,45.7050346883,45.7050346883,44.8869055876,44.8869055876,45.5886597325,45.5886597325,44.5533742623,44.5533742623,45.3376401432,45.3376401432,43.8082942739,43.8082942739
2147,46.1955128958,46.1955128958,45.3737618597,45.3737618597,46.1955128958,46.1955128958,45.3737618597,45.3737618597,46.0766476,46.0766476,45.0329070761,45.0329070761,45.8221145053,45.8221145053,44.2773854635,44.2773854635
2148,46.683628784,46.683628784,45.8584812426,45.8584812426,46.683628784,46.683628784,45.8584812426,45.8584812426,46.562290755,46.562290755,45.5103497167,45.5103497167,46.3042657378,46.3042657378,44.7444515437,44.7444515437
2149,47.1691608456,47.1691608456,46.3408407952,46.3408407952,47.1691608456,47.1691608456,46.3408407952,46.3408407952,47.0453687814,47.0453687814,45.9854824795,45.9854824795,46.7838743209,46.7838743209,45.2092753586,45.2092753586
2150,47.651895666,47.651895666,46.8206262318,46.8206262318,47.651895666,47.651895666,46.8206262318,46.8206262318,47.5256694764,47.5256694764,46.4580946752,46.4580946752,47.2607290222,47.2607290222,45.6716490095,45.6716490095
2151,48.1741281465,48.1741281465,47.339396415,47.339396415,48.1741281465,48.1741281465,47.339396415,47.339396415,48.0453749673,48.0453749673,46.9694211649,46.9694211649,47.776775683,47.776775683,46.1721058636,46.1721058636
2152,48.6943384522,48.6943384522,47.8563571611,47.8563571611,48.6943384522,48.6943384522,47.8563571611,47.8563571611,48.5630742617,48.5630742617,47.4789802126,47.4789802126,48.2908328901,48.2908328901,46.6708455126,46.6708455126
2153,49.2122943531,49.2122943531,48.3712760234,48.3712760234,49.2122943531,49.2122943531,48.3712760234,48.3712760234,49.0785361175,49.0785361175,47.986542275,47.986542275,48.8026704648,48.8026704648,47.1676414557,47.1676414557
2154,49.7277721112,49.7277721112,48.8839294819,48.8839294819,49.7277721112,49.7277721112,48.8839294819,48.8839294819,49.5915380248,49.5915380248,48.4918874516,48.4918874516,49.31206705,49.31206705,47.6622771266,47.6622771266
2155,50.2405561221,50.2405561221,49.3941024551,49.3941024551,50.2405561221,50.2405561221,49.3941024551,49.3941024551,50.1018657906,50.1018657906,48.9948048241,48.9948048241,49.818809671,49.818809671,48.1545451587,48.1545451587
2156,50.7930454161,50.7930454161,49.9434832064,49.9434832064,50.7930454161,50.7930454161,49.9434832064,49.9434832064,50.6518010158,50.6518010158,49.5366444597,49.5366444597,50.3649402511,50.3649402511,48.6850840491,48.6850840491
2157,51.3436185862,51.3436185862,50.491155005,50.491155005,51.3436185862,51.3436185862,50.491155005,50.491155005,51.1998362897,51.1998362897,50.0768176643,50.0768176643,50.9091849436,50.9091849436,49.213998324,49.213998324
2158,51.8920396881,51.8920396881,51.0368831246,51.0368831246,51.8920396881,51.8920396881,51.0368831246,51.0368831246,51.7457367873,51.7457367873,50.6150929903,50.6150929903,51.451310243,51.451310243,49.7410603613,49.7410603613
2159,52.4380813532,52.4380813532,51.5804415791,51.5804415791,52.4380813532,52.4380813532,51.5804415791,51.5804415791,52.2892765625,52.2892765625,51.1512486299,51.1512486299,51.9910915994,51.9910915994,50.2660524328,50.2660524328
2160,52.9815244479,52.9815244479,52.1216127053,52.1216127053,52.9815244479,52.9815244479,52.1216127053,52.1216127053,52.8302381318,52.8302381318,51.6850717759,51.6850717759,52.5283129815,52.5283129815,50.7887659954,50.7887659954
2161,53.5562826477,53.5562826477,52.6937636184,52.6937636184,53.5562826477,53.5562826477,52.6937636184,52.6937636184,53.4024384908,53.4024384908,52.2496504919,52.2496504919,53.096597749,53.096597749,51.3417142231,51.3417142231
2162,54.1289573432,54.1289573432,53.2640416471,53.2640416471,54.1289573432,54.1289573432,53.2640416471,53.2640416471,53.9725739654,53.9725739654,52.8124059173,52.8124059173,53.6628320611,53.6628320611,51.8928817069,51.8928817069
2163,54.6993043258,54.6993043258,53.832204674,53.832204674,54.6993043258,54.6993043258,53.832204674,53.832204674,54.5404016656,54.5404016656,53.3730997963,53.3730997963,54.2267746058,54.2267746058,52.4420348037,52.4420348037
2164,55.2670882188,55.2670882188,54.3980193646,54.3980193646,55.2670882188,55.2670882188,54.3980193646,54.3980193646,55.1056878674,55.1056878674,53.9315036485,53.9315036485,54.788193302,54.788193302,52.9889498594,52.9889498594
2165,55.8320821419,55.8320821419,54.9612607983,54.9612607983,55.8320821419,55.8320821419,54.9612607983,54.9612607983,55.6682075916,55.6682075916,54.4873981469,54.4873981469,55.3468648584,55.3468648584,53.5334125239,53.5334125239
2166,56.429648652,56.429648652,55.556744692,55.556744692,56.429648652,56.429648652,55.556744692,55.556744692,56.2632200739,56.2632200739,55.0753001636,55.0753001636,55.9378448325,55.9378448325,54.1093349556,54.1093349556
2167,57.0249551982,57.0249551982,56.1501867222,56.1501867222,57.0249551982,57.0249551982,56.1501867222,56.1501867222,56.8559948104,56.8559948104,55.6612203303,55.6612203303,56.5266029397,56.5266029397,54.683322106,54.683322106
2168,57.6177492052,57.6177492052,56.7413369632,56.7413369632,57.6177492052,57.6177492052,56.7413369632,56.7413369632,57.4462807325,57.4462807325,56.2449131404,56.2449131404,57.1128899324,57.1128899324,55.2551338149,55.2551338149
2169,58.2077872007,58.2077872007,57.3299543626,57.3299543626,58.2077872007,58.2077872007,57.3299543626,57.3299543626,58.0338362373,58.0338362373,56.8261430368,56.8261430368,57.6964660823,57.6964660823,55.8245400491,55.8245400491
2170,58.794834482,58.794834482,57.915806412,57.915806412,58.794834482,58.794834482,57.915806412,57.915806412,58.6184287592,58.6184287592,57.4046838005,57.4046838005,58.2771007335,58.2771007335,56.3913202329,56.3913202329
2171,59.4157221442,59.4157221442,58.5351788667,58.5351788667,59.4157221442,59.4157221442,58.5351788667,58.5351788667,59.2367796652,59.2367796652,58.0165031803,58.0165031803,58.8913014974,58.8913014974,56.9908074589,56.9908074589
2172,60.034158327,60.034158327,59.1523282169,59.1523282169,60.034158327,60.034158327,59.1523282169,59.1523282169,59.8527060343,59.8527060343,58.6261731883,58.6261731883,59.5030961063,59.5030961063,57.5881990699,57.5881990699
2173,60.6498822223,60.6498822223,59.7669966258,59.7669966258,60.6498822223,60.6498822223,59.7669966258,59.7669966258,60.4659487435,60.4659487435,59.2334409385,59.2334409385,60.1122274907,60.1122274907,58.1832482237,58.1832482237
2174,61.2626423997,61.2626423997,60.3789352458,60.3789352458,61.2626423997,61.2626423997,60.3789352458,60.3789352458,61.0762584352,61.0762584352,59.8380636843,59.8380636843,60.71844839,60.71844839,58.775718363,58.775718363
2175,61.872196473,61.872196473,60.9879039229,60.9879039229,61.872196473,61.872196473,60.9879039229,60.9879039229,61.6833950796,61.6833950796,60.4398082132,60.4398082132,61.3215208988,61.3215208988,59.3653825575,59.3653825575
2176,62.5168648132,62.5168648132,61.6316810636,61.6316810636,62.5168648132,62.5168648132,61.6316810636,61.6316810636,62.3255631967,62.3255631967,61.0761165352,61.0761165352,61.9594256867,61.9594256867,59.9890181504,59.9890181504
2177,63.1588647722,63.1588647722,62.2730303887,62.2730303887,63.1588647722,63.1588647722,62.2730303887,62.2730303887,62.9650957275,62.9650957275,61.7100878148,61.7100878148,62.5947168653,62.5947168653,60.6103808995,60.6103808995
2178,63.7979278433,63.7979278433,62.9116864828,62.9116864828,63.7979278433,63.7979278433,62.9116864828,62.9116864828,63.601726017,63.601726017,62.3414620883,62.3414620883,63.2271300592,63.2271300592,61.229217559,61.229217559
2179,64.4337951592,64.4337951592,63.547393041,63.547393041,64.4337951592,64.4337951592,63.547393041,63.547393041,64.2351974591,64.2351974591,62.9699897159,62.9699897159,63.8564109776,63.8564109776,61.8452853255,61.8452853255
2180,65.0662171573,65.0662171573,64.1799026023,64.1799026023,65.0662171573,65.0662171573,64.1799026023,64.1799026023,64.8652630487,64.8652630487,63.5954307797,63.5954307797,64.4823149516,64.4823149516,62.4583511887,62.4583511887
2181,65.7350124753,65.7350124753,64.8484973439,64.8484973439,65.7350124753,65.7350124753,64.8484973439,64.8484973439,65.5316198311,65.5316198311,64.2567137315,64.2567137315,65.1443051706,65.1443051706,63.1066491679,63.1066491679
2182,66.4008771515,66.4008771515,65.5144154618,65.5144154618,66.4008771515,66.4008771515,65.5144154618,65.5144154618,66.1950857837,66.1950857837,64.9154313178,64.9154313178,65.8034313623,65.8034313623,63.7524600603,63.7524600603
2183,67.0635362764,67.0635362764,66.1773850653,66.1773850653,67.0635362764,67.0635362764,66.1773850653,66.1773850653,66.8553880002,66.8553880002,65.5713175606,65.5713175606,66.4594231221,66.4594231221,64.3955252614,64.3955252614
2184,67.722724801,67.722724801,66.8371434721,66.8371434721,67.722724801,67.722724801,66.8371434721,66.8371434721,67.5122638617,67.5122638617,66.2241169536,66.2241169536,67.1120203618,67.1120203618,65.0355967348,65.0355967348
2185,68.3781872004,68.3781872004,67.4934369669,67.4934369669,68.3781872004,68.3781872004,67.4934369669,67.4934369669,68.1654605791,68.1654605791,66.873583861,66.873583861,67.7609728382,67.7609728382,65.6724363682,65.6724363682
2186,69.071243485,69.071243485,68.1870568463,68.1870568463,69.071243485,69.071243485,68.1870568463,68.1870568463,68.8561713014,68.8561713014,67.560139854,67.560139854,68.4472300135,68.4472300135,66.3457420281,66.3457420281
2187,69.7610228073,69.7610228073,68.8776680026,68.8776680026,69.7610228073,69.7610228073,68.8776680026,68.8776680026,69.5436531443,69.5436531443,68.2438225947,68.2438225947,69.1302914558,69.1302914558,67.01627126,67.01627126
2188,70.4472466518,70.4472466518,69.5649946619,69.5649946619,70.4472466518,70.4472466518,69.5649946619,69.5649946619,70.2276297261,70.2276297261,68.9243626243,68.9243626243,69.8098834982,69.8098834982,67.6837626032,67.6837626032
2189,71.1296464883,71.1296464883,70.2487702782,70.2487702782,71.1296464883,71.1296464883,70.2487702782,70.2487702782,70.9078350883,70.9078350883,69.6015010069,69.6015010069,70.4857429219,70.4857429219,68.3479652003,68.3479652003
2190,71.8079634351,71.8079634351,70.9287373156,70.9287373156,71.8079634351,71.8079634351,70.9287373156,70.9287373156,71.58401323,71.58401323,70.27498873,70.27498873,71.1576164767,71.1576164767,69.0086381582,69.0086381582
2191,72.524993222,72.524993222,71.647173082,71.647173082,72.524993222,72.524993222,71.647173082,71.647173082,72.2988283883,72.2988283883,70.9867191914,70.9867191914,71.8679152867,71.8679152867,69.706923074,69.706923074
2192,73.2382390536,73.2382390536,72.3621077816,72.3621077816,73.2382390536,73.2382390536,72.3621077816,72.3621077816,73.0099173806,73.0099173806,71.6951125565,71.6951125565,72.5745294813,72.5745294813,70.4019923137,70.4019923137
2193,73.9474245778,73.9474245778,73.0732672828,73.0732672828,73.9474245778,73.9474245778,73.0732672828,73.0732672828,73.717006084,73.717006084,72.3999013133,72.3999013133,73.2771878431,73.2771878431,71.0935869137,71.0935869137
2194,74.6522833439,74.6522833439,73.7803865147,73.7803865147,74.6522833439,74.6522833439,73.7803865147,73.7803865147,74.4198307176,74.4198307176,73.1008283111,73.1008283111,73.9756295178,73.9756295178,71.7814583426,71.7814583426
2195,75.3525584671,75.3525584671,74.4832092702,74.4832092702,75.3525584671,75.3525584671,74.4832092702,74.4832092702,75.1181373717,75.1181373717,73.7976461654,73.7976461654,74.6696035334,74.6696035334,72.4653678704,72.4653678704
2196,76.0924608821,76.0924608821,75.225441052,75.225441052,76.0924608821,76.0924608821,75.225441052,75.225441052,75.8560016668,75.8560016668,74.5336646147,74.5336646147,75.4029236501,75.4029236501,73.1878473277,73.1878473277
2197,76.827761404,76.827761404,75.9633687296,75.9633687296,76.827761404,76.827761404,75.9633687296,75.9633687296,76.5893333321,76.5893333321,75.2655767362,75.2655767362,76.131764143,76.131764143,73.9063754409,73.9063754409
2198,77.5581974364,77.5581974364,76.696731088,76.696731088,77.5581974364,77.5581974364,76.696731088,76.696731088,77.3178720341,77.3178720341,75.9931280619,75.9931280619,76.855867715,76.855867715,74.6207066604,74.6207066604
2199,78.2835157571,78.2835157571,77.4252753907,77.4252753907,78.2835157571,78.2835157571,77.4252753907,77.4252753907,78.0413672436,78.0413672436,76.7160738707,76.7160738707,77.5749868961,77.5749868961,75.3306052566,75.3306052566
2200,79.0034721975,79.0034721975,78.1487572104,78.1487572104,79.0034721975,79.0034721975,78.1487572104,78.1487572104,78.7595777762,78.7595777762,77.4341786119,77.4341786119,78.2888835739,78.2888835739,76.0358447092,76.0358447092
2201,77.8946313789,77.8946313789,77.0631991758,77.0631991758,77.8946313789,77.8946313789,77.0631991758,77.0631991758,77.654702669,77.654702669,76.3599791796,76.3599791796,77.1906286245,77.1906286245,74.9812615461,74.9812615461
2202,76.776915542,76.776915542,75.9684804821,75.9684804821,76.776915542,76.776915542,75.9684804821,75.9684804821,76.5410796745,76.5410796745,75.2769991934,75.2769991934,76.0837214361,76.0837214361,73.9181824711,73.9181824711
2203,75.6505103927,75.6505103927,74.8646868174,74.8646868174,75.6505103927,75.6505103927,74.8646868174,74.8646868174,75.4189151559,75.4189151559,74.1853853522,74.1853853522,74.9683631396,74.9683631396,72.8467384172,72.8467384172
2204,74.5156695188,74.5156695188,73.7520052924,73.7520052924,74.5156695188,74.5156695188,73.7520052924,73.7520052924,74.2884590735,74.2884590735,73.08531486,73.08531486,73.8447973279,73.8447973279,71.7670874769,71.7670874769
2205,73.3727059252,73.3727059252,72.6307073377,72.6307073377,73.3727059252,73.3727059252,72.6307073377,72.6307073377,73.1500043805,73.1500043805,71.9770012713,71.9770012713,72.7133096169,72.7133096169,70.6794212601,70.6794212601
2206,74.0818628074,74.0818628074,73.3424365575,73.3424365575,74.0818628074,74.0818628074,73.3424365575,73.3424365575,73.8581421055,73.8581421055,72.685492016,72.685492016,73.4174120995,73.4174120995,71.3758656039,71.3758656039
2207,74.7852784989,74.7852784989,74.0483413683,74.0483413683,74.7852784989,74.7852784989,74.0483413683,74.0483413683,74.560641979,74.560641979,73.3884604453,73.3884604453,74.1159255876,74.1159255876,72.0669285099,72.0669285099
2208,75.4827496394,75.4827496394,74.7482147755,74.7482147755,75.4827496394,75.4827496394,74.7482147755,74.7482147755,75.2572778675,75.2572778675,74.0856335134,74.0856335134,74.8086212838,74.8086212838,72.752328826,72.752328826
2209,76.174082019,76.174082019,75.4418625965,75.4418625965,76.174082019,76.174082019,75.4418625965,75.4418625965,75.9478398146,75.9478398146,74.7767713777,74.7767713777,75.4952873857,75.4952873857,73.4318211485,73.4318211485
2210,76.8590897779,76.8590897779,76.1291017086,76.1291017086,76.8590897779,76.8590897779,76.1291017086,76.1291017086,76.6321314336,76.6321314336,75.4616604012,75.4616604012,76.1757263671,76.1757263671,74.105188459,74.105188459
2211,77.581663625,77.581663625,76.8534175297,76.8534175297,77.581663625,77.581663625,76.8534175297,76.8534175297,77.3539067482,77.3539067482,76.1833841538,76.1833841538,76.8934301789,76.8934301789,74.8147354289,74.8147354289
2212,78.2986926471,78.2986926471,77.5721278076,77.5721278076,78.2986926471,78.2986926471,77.5721278076,77.5721278076,78.0701747187,78.0701747187,76.8996129941,76.8996129941,77.6056629617,77.6056629617,75.5188908769,75.5188908769
2213,79.0099535308,79.0099535308,78.2850241783,78.2850241783,79.0099535308,79.0099535308,78.2850241783,78.2850241783,78.7807066727,78.7807066727,77.6101229882,77.6101229882,78.3121968346,78.3121968346,76.2174333499,76.2174333499
2214,79.7152308413,79.7152308413,78.9919046539,78.9919046539,79.7152308413,79.7152308413,78.9919046539,78.9919046539,79.4852844277,79.4852844277,78.3147041726,78.3147041726,79.0128146894,79.0128146894,76.9101562158,76.9101562158
2215,80.4143167691,80.4143167691,79.6925735808,79.6925735808,80.4143167691,80.4143167691,79.6925735808,79.6925735808,80.1836993563,80.1836993563,79.01315853,79.01315853,79.7073091996,79.7073091996,77.5968654667,77.5968654667
2216,81.1525356933,81.1525356933,80.431964918,80.431964918,81.1525356933,81.1525356933,80.431964918,80.431964918,80.9211463058,80.9211463058,79.7500382355,79.7500382355,80.4406071607,80.4406071607,78.3213164377,78.3213164377
2217,81.8853173185,81.8853173185,81.1659277272,81.1659277272,81.8853173185,81.8853173185,81.1659277272,81.1659277272,81.6531822646,81.6531822646,80.4815671925,80.4815671925,81.1685303271,81.1685303271,79.0405202464,79.0405202464
2218,82.6124142417,82.6124142417,81.8942289362,81.8942289362,82.6124142417,82.6124142417,81.8942289362,81.8942289362,82.3795599042,82.3795599042,81.2075125584,81.2075125584,81.8908335678,81.8908335678,79.7542507234,79.7542507234
2219,83.3335877283,83.3335877283,82.6166420397,82.6166420397,83.3335877283,83.3335877283,82.6166420397,82.6166420397,83.1000417177,83.1000417177,81.9276514169,81.9276514169,82.6072816279,82.6072816279,80.4622917777,80.4622917777
2220,84.0486075016,84.0486075016,83.3329472621,83.3329472621,84.0486075016,84.0486075016,83.3329472621,83.3329472621,83.8143994798,83.8143994798,82.641769981,82.641769981,83.3176485713,83.3176485713,81.1644365487,81.1644365487
2221,84.8042477343,84.8042477343,84.0895341679,84.0895341679,84.8042477343,84.8042477343,84.0895341679,84.0895341679,84.5692795837,84.5692795837,83.3958804746,83.3958804746,84.0683055177,84.0683055177,81.9058786237,81.9058786237
2222,85.5544688457,85.5544688457,84.8407707956,84.8407707956,85.5544688457,85.5544688457,84.8407707956,84.8407707956,85.3187721532,85.3187721532,84.144733515,84.144733515,84.8136160105,84.8136160105,82.6421817906,82.6421817906
2223,86.2990021352,86.2990021352,85.5863994947,85.5863994947,86.2990021352,86.2990021352,85.5863994947,85.5863994947,86.0626100691,86.0626100691,84.8880760893,84.8880760893,85.553315732,85.553315732,83.3731014643,83.3731014643
2224,87.0375885694,87.0375885694,86.3261703773,86.3261703773,87.0375885694,87.0375885694,86.3261703773,86.3261703773,86.8005365389,86.8005365389,85.6256648736,85.6256648736,86.2871506594,86.2871506594,84.098402642,84.098402642
2225,87.7699785278,87.7699785278,87.0598414194,87.0598414194,87.7699785278,87.7699785278,87.0598414194,87.0598414194,87.5323046367,87.5323046367,86.3572657288,86.3572657288,87.0148766016,87.0148766016,84.8178593917,84.8178593917
2226,88.5443934191,88.5443934191,87.8352544836,87.8352544836,88.5443934191,88.5443934191,87.8352544836,87.8352544836,88.3060081495,88.3060081495,87.1303430155,87.1303430155,87.7843045527,87.7843045527,85.5780947026,85.5780947026
2227,89.3133352465,89.3133352465,88.6053082966,88.6053082966,89.3133352465,89.3133352465,88.6053082966,88.6053082966,89.0742794876,89.0742794876,87.8981807651,87.8981807651,88.5483485179,88.5483485179,86.3332303492,86.3332303492
2228,90.076517298,90.076517298,89.3697244036,89.3697244036,90.076517298,90.076517298,89.3697244036,89.3697244036,89.8368337544,89.8368337544,88.6605058731,88.6605058731,89.3067267083,89.3067267083,87.0830025238,87.0830025238
2229,90.833663397,90.833663397,90.1282332045,90.1282332045,90.833663397,90.833663397,90.1282332045,90.1282332045,90.5933970885,90.5933970885,89.4170555491,89.4170555491,90.0591683053,90.0591683053,87.8271575282,87.8271575282
2230,91.5845076043,91.5845076043,90.8805739773,90.8805739773,91.5845076043,91.5845076043,90.8805739773,90.8805739773,91.3437061999,91.3437061999,90.1675768558,90.1675768558,90.8054129985,90.8054129985,88.5654513215,88.5654513215
2231,92.3787365175,92.3787365175,91.6760597507,91.6760597507,92.3787365175,92.3787365175,91.6760597507,91.6760597507,92.1373199197,92.1373199197,90.9610042908,90.9610042908,91.5947292575,91.5947292575,89.3459541164,89.3459541164
2232,93.1673830886,93.1673830886,92.4661100341,92.4661100341,93.1673830886,93.1673830886,92.4661100341,92.4661100341,92.9254016671,92.9254016671,91.7491435122,91.7491435122,92.3785700665,92.3785700665,90.1213333246,90.1213333246
2233,93.9501451899,93.9501451899,93.2504288786,93.2504288786,93.9501451899,93.9501451899,93.2504288786,93.2504288786,93.7076509899,93.7076509899,92.5317035476,92.5317035476,93.1566382798,93.1566382798,90.8913078255,90.8913078255
2234,94.7267319583,94.7267319583,94.0287300682,94.0287300682,94.7267319583,94.7267319583,94.0287300682,94.0287300682,94.4837791509,94.4837791509,93.3084044714,93.3084044714,93.9286483879,93.9286483879,91.6556073045,91.6556073045
2235,95.4968634603,95.4968634603,94.8007370868,94.8007370868,95.4968634603,95.4968634603,94.8007370868,94.8007370868,95.2535086403,95.2535086403,94.0789769262,94.0789769262,94.6943260347,94.6943260347,92.4139717862,92.4139717862
2236,96.3116913119,96.3116913119,95.6172354076,95.6172354076,96.3116913119,96.3116913119,95.6172354076,95.6172354076,96.0678634229,96.0678634229,94.8938275951,94.8938275951,95.5043975121,95.5043975121,93.2159214903,93.2159214903
2237,97.1207845539,97.1207845539,96.4281703094,96.4281703094,97.1207845539,97.1207845539,96.4281703094,96.4281703094,96.876542627,96.876542627,95.703287458,95.703287458,96.3088591769,96.3088591769,94.0126722921,94.0126722921
2238,97.9238275338,97.9238275338,97.23323072,97.23323072,97.9238275338,97.9238275338,97.23323072,97.23323072,97.679232054,97.679232054,96.5070498072,96.5070498072,97.1074002999,97.1074002999,94.8039277929,94.8039277929
2239,98.7205164928,98.7205164928,98.0321160271,98.0321160271,98.7205164928,98.7205164928,98.0321160271,98.0321160271,98.4756298319,98.4756298319,97.3048196572,97.3048196572,97.8997223949,97.8997223949,95.5894030608,95.5894030608
2240,99.5105592001,99.5105592001,98.8245360021,98.8245360021,99.5105592001,99.5105592001,98.8245360021,98.8245360021,99.2654459012,99.2654459012,98.0963132345,98.0963132345,98.6855387087,98.6855387087,96.3688241341,96.3688241341
2241,100.346588863,100.346588863,99.6627665693,99.6627665693,100.346588863,100.346588863,99.6627665693,99.6627665693,100.101186368,100.101186368,98.9334286869,98.9334286869,99.5170506611,99.5170506611,97.1931813693,97.1931813693
2242,101.176697969,101.176697969,100.49526552,100.49526552,101.176697969,101.176697969,100.49526552,100.49526552,100.931073033,100.931073033,99.765007904,99.765007904,100.342784676,100.342784676,98.0122239355,98.0122239355
2243,102.000558706,102.000558706,101.321708298,101.321708298,102.000558706,102.000558706,101.321708298,101.321708298,101.754779318,101.754779318,100.590730087,100.590730087,101.1624178,101.1624178,98.8256417839,98.8256417839
2244,102.817855719,102.817855719,102.141781444,102.141781444,102.817855719,102.817855719,102.141781444,102.141781444,102.571991522,102.571991522,101.410286758,101.410286758,101.975639872,101.975639872,99.6331369265,99.6331369265
2245,103.628285712,103.628285712,102.955182481,102.955182481,103.628285712,103.628285712,102.955182481,102.955182481,103.382408278,103.382408278,102.223381219,102.223381219,102.782152983,102.782152983,100.434422905,100.434422905
2246,104.485974071,104.485974071,103.815689905,103.815689905,104.485974071,104.485974071,103.815689905,103.815689905,104.240028976,104.240028976,103.083416835,103.083416835,103.635645275,103.635645275,101.281975271,101.281975271
2247,105.337528867,105.337528867,104.670265102,104.670265102,105.337528867,105.337528867,104.670265102,104.670265102,105.091589748,105.091589748,103.937736088,103.937736088,104.48316451,104.48316451,102.124065059,102.124065059
2248,106.182611117,106.182611117,105.518571166,105.518571166,106.182611117,106.182611117,105.518571166,105.518571166,105.936752642,105.936752642,104.786005268,104.786005268,105.32437652,105.32437652,102.960369766,102.960369766
2249,107.020894813,107.020894813,106.360282872,106.360282872,107.020894813,107.020894813,106.360282872,106.360282872,106.775193083,106.775193083,105.62790352,105.62790352,106.158960428,106.158960428,103.790579481,103.790579481
2250,107.852066503,107.852066503,107.195086525,107.195086525,107.852066503,107.852066503,107.195086525,107.195086525,107.606599309,107.606599309,106.463122273,106.463122273,106.986608088,106.986608088,104.614396323,104.614396323
2251,108.731758118,108.731758118,108.078279116,108.078279116,108.731758118,108.731758118,108.078279116,108.078279116,108.486478972,108.486478972,107.346587822,107.346587822,107.862509893,107.862509893,105.485800326,105.485800326
2252,109.605080986,109.605080986,108.955312011,108.955312011,109.605080986,109.605080986,108.955312011,108.955312011,109.360069665,109.360069665,108.224128023,108.224128023,108.732221599,108.732221599,106.351567837,106.351567837
2253,110.471685679,110.471685679,109.825836747,109.825836747,110.471685679,110.471685679,109.825836747,109.825836747,110.227022791,110.227022791,109.095397069,109.095397069,109.595398565,109.595398565,107.21136474,107.21136474
2254,111.331236235,111.331236235,110.689517097,110.689517097,111.331236235,111.331236235,110.689517097,110.689517097,111.0870036,111.0870036,109.960062493,109.960062493,110.451709908,110.451709908,108.064869997,108.064869997
2255,112.183409709,112.183409709,111.546028883,111.546028883,112.183409709,112.183409709,111.546028883,111.546028883,111.939690595,111.939690595,110.817804568,110.817804568,111.300837913,111.300837913,108.911775052,108.911775052
2256,113.08535097,113.08535097,112.452195578,112.452195578,113.08535097,113.08535097,112.452195578,112.452195578,112.842106752,112.842106752,111.725082483,111.725082483,112.19948299,112.19948299,109.807576438,109.807576438
2257,113.980669511,113.980669511,113.351951959,113.351951959,113.980669511,113.980669511,113.351951959,113.351951959,113.737985389,113.737985389,112.626201014,112.626201014,113.091702544,113.091702544,110.697545579,110.697545579
2258,114.869005993,114.869005993,114.244938553,114.244938553,114.869005993,114.869005993,114.244938553,114.244938553,114.626967797,114.626967797,113.520802792,113.520802792,113.977141997,113.977141997,111.58133731,111.58133731
2259,115.750015014,115.750015014,115.130808667,115.130808667,115.750015014,115.750015014,115.130808667,115.130808667,115.508709548,115.508709548,114.408544231,114.408544231,114.855460968,114.855460968,112.458619993,112.458619993
2260,116.623364633,116.623364633,116.009228161,116.009228161,116.623364633,116.623364633,116.009228161,116.009228161,116.382879885,116.382879885,115.289094905,115.289094905,115.726332658,115.726332658,113.329074885,113.329074885
2261,117.547717678,117.547717678,116.938553588,116.938553588,117.547717678,117.547717678,116.938553588,116.938553588,117.308022831,117.308022831,116.220455567,116.220455567,116.647974061,116.647974061,114.24972613,114.24972613
2262,118.465177641,118.465177641,117.861197412,117.861197412,118.465177641,118.465177641,117.861197412,117.861197412,118.226362555,118.226362555,117.145400109,117.145400109,117.562938609,117.562938609,115.164330275,115.164330275
2263,119.375375667,119.375375667,118.776789528,118.776789528,119.375375667,119.375375667,118.776789528,118.776789528,119.137530608,119.137530608,118.063559914,118.063559914,118.470862173,118.470862173,116.072531458,116.072531458
2264,120.277957297,120.277957297,119.684973157,119.684973157,120.277957297,120.277957297,119.684973157,119.684973157,120.041173241,120.041173241,118.974580573,118.974580573,119.371395239,119.371395239,116.973987762,116.973987762
2265,121.172581969,121.172581969,120.585404569,120.585404569,121.172581969,121.172581969,120.585404569,120.585404569,120.936950769,120.936950769,119.878121219,119.878121219,120.264202265,120.264202265,117.868370552,117.868370552
2266,122.119444559,122.119444559,121.537988936,121.537988936,122.119444559,122.119444559,121.537988936,121.537988936,121.884943053,121.884943053,120.833741792,120.833741792,121.209032542,121.209032542,118.81425188,118.81425188
2267,123.059129254,123.059129254,122.483601601,122.483601601,123.059129254,123.059129254,122.483601601,122.483601601,122.825851066,122.825851066,121.782668291,121.782668291,122.146920666,122.146920666,119.753854039,119.753854039
2268,123.991257983,123.991257983,123.42186209,123.42186209,123.991257983,123.991257983,123.42186209,123.42186209,123.759296885,123.759296885,122.724521012,122.724521012,123.077493228,123.077493228,120.68681066,120.68681066
2269,124.915467528,124.915467528,124.352403804,124.352403804,124.915467528,124.915467528,124.352403804,124.352403804,124.684917684,124.684917684,123.658934849,123.658934849,124.000391832,124.000391832,121.612769707,121.612769707
2270,125.831408985,125.831408985,125.274873692,125.274873692,125.831408985,125.831408985,125.274873692,125.274873692,125.60236508,125.60236508,124.585558605,124.585558605,124.915272435,124.915272435,122.531392788,122.531392788
2271,126.80082441,126.80082441,126.250742019,126.250742019,126.80082441,126.80082441,126.250742019,126.250742019,126.573270608,126.573270608,125.565529996,125.565529996,125.883433523,125.883433523,123.50282153,123.50282153
2272,127.762764171,127.762764171,127.219331036,127.219331036,127.762764171,127.762764171,127.219331036,127.219331036,127.536796741,127.536796741,126.538508811,126.538508811,126.844374592,126.844374592,124.467722902,124.467722902
2273,128.716841209,128.716841209,128.180250081,128.180250081,128.716841209,128.716841209,128.180250081,128.180250081,128.492556256,128.492556256,127.504104284,127.504104284,127.797713136,127.797713136,125.425720075,125.425720075
2274,129.662683774,129.662683774,129.133122928,129.133122928,129.662683774,129.662683774,129.133122928,129.133122928,129.440177413,129.440177413,128.461940619,128.461940619,128.743082048,128.743082048,126.376450924,126.376450924
2275,130.599934845,130.599934845,130.077587399,130.077587399,130.599934845,130.599934845,130.077587399,130.077587399,130.379303284,130.379303284,129.411656279,129.411656279,129.680128936,129.680128936,127.319567314,127.319567314
2276,131.591874939,131.591874939,131.076671433,131.076671433,131.591874939,131.591874939,131.076671433,131.076671433,131.373109099,131.373109099,130.415961557,130.415961557,130.671694854,130.671694854,128.316779164,128.316779164
2277,132.576029173,132.576029173,132.068151312,132.068151312,132.576029173,132.576029173,132.068151312,132.068151312,132.359226533,132.359226533,131.412954573,131.412954573,131.655750664,131.655750664,129.307199084,129.307199084
2278,133.552001688,133.552001688,133.051626321,133.051626321,133.552001688,133.552001688,133.051626321,133.051626321,133.337259172,133.337259172,132.402233416,132.402233416,132.631904875,132.631904875,130.290439718,130.290439718
2279,134.519412379,134.519412379,134.026710749,134.026710749,134.519412379,134.519412379,134.026710749,134.026710749,134.306826463,134.306826463,133.383411504,133.383411504,133.599781769,133.599781769,131.26612877,131.26612877
2280,135.477896291,135.477896291,134.993033439,134.993033439,135.477896291,135.477896291,134.993033439,134.993033439,135.267563018,135.267563018,134.356116847,134.356116847,134.559020697,134.559020697,132.233908257,132.233908257
2281,136.492305212,136.492305212,136.015213757,136.015213757,136.492305212,136.492305212,136.015213757,136.015213757,136.284221222,136.284221222,135.384668022,135.384668022,135.574040025,135.574040025,133.25709584,133.25709584
2282,137.498606976,137.498606976,137.029448878,137.029448878,137.498606976,137.498606976,137.029448878,137.029448878,137.292869098,137.292869098,136.405565882,136.405565882,136.581247945,136.581247945,134.273210763,134.273210763
2283,138.496397084,138.496397084,138.035328149,138.035328149,138.496397084,138.496397084,138.035328149,138.035328149,138.293101099,138.293101099,137.418397204,137.418397204,137.580244042,137.580244042,135.281854985,135.281854985
2284,139.485287234,139.485287234,139.032456496,139.032456496,139.485287234,139.485287234,139.032456496,139.032456496,139.284527916,139.284527916,138.422764443,138.422764443,138.570644037,138.570644037,136.28264586,136.28264586
2285,140.464904687,140.464904687,140.020453912,140.020453912,140.464904687,140.464904687,140.020453912,140.020453912,140.266775746,140.266775746,139.418284966,139.418284966,139.552079063,139.552079063,137.275215369,137.275215369
2286,141.50164124,141.50164124,141.065500861,141.065500861,141.50164124,141.50164124,141.065500861,141.065500861,141.30614356,141.30614356,140.470857442,140.470857442,140.590516036,140.590516036,138.32446598,138.32446598
2287,142.529937858,142.529937858,142.102244705,142.102244705,142.529937858,142.529937858,142.102244705,142.102244705,142.337165203,142.337165203,141.515411936,141.515411936,141.620828261,141.620828261,139.366345141,139.366345141
2288,143.549381535,143.549381535,143.130264964,143.130264964,143.549381535,143.549381535,143.130264964,143.130264964,143.35942602,143.35942602,142.551523676,142.551523676,142.642606407,142.642606407,140.400443866,140.400443866
2289,144.559575913,144.559575913,144.149157318,144.149157318,144.559575913,144.559575913,144.149157318,144.149157318,144.372527953,144.372527953,143.5787839,143.5787839,143.655457634,143.655457634,141.42636889,141.42636889
2290,145.560140605,145.560140605,145.158533021,145.158533021,145.560140605,145.560140605,145.158533021,145.158533021,145.376088789,145.376088789,144.596799066,144.596799066,144.65900485,144.65900485,142.443741867,142.443741867
2291,146.619055282,146.619055282,146.2261819,146.2261819,146.619055282,146.619055282,146.2261819,146.2261819,146.438002456,146.438002456,145.673097789,145.673097789,145.720813481,145.720813481,143.519104541,143.519104541
2292,147.669187183,147.669187183,147.285154082,147.285154082,147.669187183,147.669187183,147.285154082,147.285154082,147.491220966,147.491220966,146.740989479,146.740989479,146.774172799,146.774172799,144.586778399,144.586778399
2293,148.710114943,148.710114943,148.335019395,148.335019395,148.710114943,148.710114943,148.335019395,148.335019395,148.535320549,148.535320549,147.800037518,147.800037518,147.818664528,147.818664528,145.646343175,145.646343175
2294,149.741434285,149.741434285,149.375364404,149.375364404,149.741434285,149.741434285,149.375364404,149.375364404,149.569894385,149.569894385,148.849821618,148.849821618,148.85388724,148.85388724,146.697394636,146.697394636
2295,150.762757302,150.762757302,150.405791744,150.405791744,150.762757302,150.762757302,150.405791744,150.405791744,150.594551834,150.594551834,149.88993702,149.88993702,149.879455572,149.879455572,147.739543746,147.739543746
2296,151.843614675,151.843614675,151.495664058,151.495664058,151.843614675,151.843614675,151.495664058,151.495664058,151.678745427,151.678745427,150.989507373,150.989507373,150.964499327,150.964499327,148.840943095,148.840943095
2297,152.91533575,152.91533575,152.576469581,152.576469581,152.91533575,152.91533575,152.576469581,152.576469581,152.753880296,152.753880296,152.08025408,152.08025408,152.040756569,152.040756569,149.934314685,149.934314685
2298,153.977490946,153.977490946,153.647768608,153.647768608,153.977490946,153.977490946,153.647768608,153.647768608,153.819523523,153.819523523,153.161728322,153.161728322,153.107800021,153.107800021,151.01922655,151.01922655
2299,155.029668195,155.029668195,154.709138722,154.709138722,155.029668195,155.029668195,154.709138722,154.709138722,154.875259489,154.875259489,154.233497932,154.233497932,154.165219589,154.165219589,152.095263051,152.095263051
2300,156.0714722,156.0714722,155.760174072,155.760174072,156.0714722,156.0714722,155.760174072,155.760174072,155.920689085,155.920689085,155.295146561,155.295146561,155.212621567,155.212621567,153.162024016,153.162024016
2301,153.312118783,153.312118783,153.017326977,153.017326977,153.312118783,153.312118783,153.017326977,153.017326977,153.168595763,153.168595763,152.574139955,152.574139955,152.4798278,152.4798278,150.498325771,150.498325771
2302,150.549621412,150.549621412,150.270580094,150.270580094,150.549621412,150.549621412,150.270580094,150.270580094,150.413281471,150.413281471,149.849012641,149.849012641,149.743725817,149.743725817,147.830263513,147.830263513
2303,147.784951682,147.784951682,147.520762558,147.520762558,147.784951682,147.784951682,147.520762558,147.520762558,147.655738397,147.655738397,147.120649263,147.120649263,147.005254388,147.005254388,145.158566784,145.158566784
2304,145.019151364,145.019151364,144.768839429,144.768839429,145.019151364,145.019151364,144.768839429,144.768839429,144.896983405,144.896983405,144.389937546,144.389937546,144.265360812,144.265360812,142.483921391,142.483921391
2305,142.253316398,142.253316398,142.015874638,142.015874638,142.253316398,142.253316398,142.015874638,142.015874638,142.138063241,142.138063241,141.657793205,141.657793205,141.525013122,141.525013122,139.807014439,139.807014439
2306,143.245580805,143.245580805,143.013933419,143.013933419,143.245580805,143.245580805,143.013933419,143.013933419,143.134124908,143.134124908,142.666991343,142.666991343,142.523252449,142.523252449,140.821985663,140.821985663
2307,144.228662231,144.228662231,144.002237811,144.002237811,144.228662231,144.228662231,144.002237811,144.002237811,144.120988346,144.120988346,143.666385063,143.666385063,143.512227624,143.512227624,141.82697164,141.82697164
2308,145.202191754,145.202191754,144.980433691,144.980433691,145.202191754,145.202191754,144.980433691,144.980433691,145.098235383,145.098235383,144.655474082,144.655474082,144.491466326,144.491466326,142.821314711,142.821314711
2309,146.165816928,146.165816928,145.948184858,145.948184858,146.165816928,146.165816928,145.948184858,145.948184858,146.065484033,146.065484033,145.63383441,145.63383441,145.460549768,145.460549768,143.804483679,143.804483679
2310,147.11920081,147.11920081,146.905171536,146.905171536,147.11920081,147.11920081,146.905171536,146.905171536,147.022381342,147.022381342,146.601098608,146.601098608,146.419101417,146.419101417,144.776042191,144.776042191
2311,148.127786842,148.127786842,147.916765866,147.916765866,148.127786842,148.127786842,147.916765866,147.916765866,148.034321204,148.034321204,147.622484291,147.622484291,147.432235155,147.432235155,145.800361525,145.800361525
2312,149.126984065,149.126984065,148.918508619,148.918508619,149.126984065,149.126984065,148.918508619,148.918508619,149.036747706,149.036747706,148.633644145,148.633644145,148.435655742,148.435655742,146.813882884,146.813882884
2313,150.116425329,150.116425329,149.910067398,149.910067398,150.116425329,150.116425329,149.910067398,149.910067398,150.029288823,150.029288823,149.634231949,149.634231949,149.428990406,149.428990406,147.816257609,147.816257609
2314,151.095757359,151.095757359,150.891119407,150.891119407,151.095757359,151.095757359,150.891119407,150.891119407,151.011591606,151.011591606,150.623926339,150.623926339,150.411888728,150.411888728,148.807171526,148.807171526
2315,152.064640412,152.064640412,151.861351808,151.861351808,152.064640412,152.064640412,151.861351808,151.861351808,151.983320314,151.983320314,151.602426693,151.602426693,151.384019612,151.384019612,149.786337398,149.786337398
2316,153.089904469,153.089904469,152.887532834,152.887532834,153.089904469,153.089904469,152.887532834,152.887532834,153.011276025,153.011276025,152.63640802,152.63640802,152.411927975,152.411927975,150.819652795,150.819652795
2317,154.105580163,154.105580163,153.903815803,153.903815803,154.105580163,154.105580163,153.903815803,153.903815803,154.029527962,154.029527962,153.660146404,153.660146404,153.429951325,153.429951325,151.842205507,151.842205507
2318,155.111290233,155.111290233,154.909854296,154.909854296,155.111290233,155.111290233,154.909854296,154.909854296,155.037701697,155.037701697,154.673304435,154.673304435,154.43772336,154.43772336,152.853681672,152.853681672
2319,156.106671454,156.106671454,155.905311201,155.905311201,156.106671454,156.106671454,155.905311201,155.905311201,156.035438902,156.035438902,155.675559989,155.675559989,155.434894442,155.434894442,153.853784281,153.853784281
2320,157.091374356,157.091374356,156.889859298,156.889859298,157.091374356,157.091374356,156.889859298,156.889859298,157.022396419,157.022396419,156.666604884,156.666604884,156.421130537,156.421130537,154.842231498,154.842231498
2321,158.133611162,158.133611162,157.931644437,157.931644437,158.133611162,158.133611162,157.931644437,157.931644437,158.066764093,158.066764093,157.714510714,157.714510714,157.464370304,157.464370304,155.886331115,155.886331115
2322,159.166031036,159.166031036,158.96342736,158.96342736,159.166031036,159.166031036,158.96342736,158.96342736,159.101225152,159.101225152,158.752147687,158.752147687,158.497564956,158.497564956,156.919764786,156.919764786
2323,160.188244871,160.188244871,159.984841487,159.984841487,160.188244871,160.188244871,159.984841487,159.984841487,160.125394048,160.125394048,159.779160222,159.779160222,159.520339074,159.520339074,157.94220618,157.94220618
2324,161.199878429,161.199878429,160.99553125,160.99553125,161.199878429,161.199878429,160.99553125,160.99553125,161.138901205,161.138901205,160.795206903,160.795206903,160.53233323,160.53233323,158.953343156,158.953343156
2325,162.200571978,162.200571978,161.995152479,161.995152479,162.200571978,162.200571978,161.995152479,161.995152479,162.141392278,162.141392278,161.799959761,161.799959761,161.533203189,161.533203189,159.952876885,159.952876885
2326,163.259903481,163.259903481,163.053209046,163.053209046,163.259903481,163.259903481,163.053209046,163.053209046,163.202426055,163.202426055,162.862857466,162.862857466,162.592256753,162.592256753,161.00948207,161.00948207
2327,164.309157778,164.309157778,164.101089519,164.101089519,164.309157778,164.309157778,164.101089519,164.101089519,164.253316379,164.253316379,163.915383206,163.915383206,163.641075276,163.641075276,162.055452654,162.055452654
2328,165.347934901,165.347934901,165.138409091,165.138409091,165.347934901,165.347934901,165.138409091,165.138409091,165.293666344,165.293666344,164.957161563,164.957161563,164.679271847,164.679271847,163.090442081,163.090442081
2329,166.375850637,166.375850637,166.164795873,166.164795873,166.375850637,166.375850637,166.164795873,166.164795873,166.323095496,166.323095496,165.987831998,165.987831998,165.706475702,165.706475702,164.114117802,164.114117802
2330,167.392536059,167.392536059,167.179890995,167.179890995,167.392536059,167.392536059,167.179890995,167.179890995,167.341239104,167.341239104,167.007048233,167.007048233,166.722331486,166.722331486,165.126160594,165.126160594
2331,168.468937619,168.468937619,168.254559345,168.254559345,168.468937619,168.468937619,168.254559345,168.254559345,168.419026716,168.419026716,168.085616283,168.085616283,167.79751497,167.79751497,166.196603755,166.196603755
2332,169.534975822,169.534975822,169.318820934,169.318820934,169.534975822,169.534975822,169.318820934,169.318820934,169.486403529,169.486403529,169.153638206,169.153638206,168.862238785,168.862238785,167.256360658,167.256360658
2333,170.590241291,170.590241291,170.372276179,170.372276179,170.590241291,170.590241291,170.372276179,170.372276179,170.542962635,170.542962635,170.210721945,170.210721945,169.916104719,169.916104719,168.305064444,168.305064444
2334,171.63434118,171.63434118,171.414540021,171.414540021,171.63434118,171.63434118,171.414540021,171.414540021,171.58831411,171.58831411,171.256491251,171.256491251,170.958731109,170.958731109,169.342362798,169.342362798
2335,172.6668986,172.6668986,172.445241766,172.445241766,172.6668986,172.6668986,172.445241766,172.445241766,172.622084275,172.622084275,172.290585032,172.290585032,171.989752107,171.989752107,170.367917333,170.367917333
2336,173.760220852,173.760220852,173.536600748,173.536600748,173.760220852,173.760220852,173.536600748,173.536600748,173.716565401,173.716565401,173.385168938,173.385168938,173.081201848,173.081201848,171.45310768,171.45310768
2337,174.842874044,174.842874044,174.617281086,174.617281086,174.842874044,174.842874044,174.617281086,174.617281086,174.800344712,174.800344712,174.468978786,174.468978786,174.161935585,174.161935585,172.527483551,172.527483551
2338,175.914440661,175.914440661,175.686871461,175.686871461,175.914440661,175.914440661,175.686871461,175.686871461,175.873006627,175.873006627,175.541609133,175.541609133,175.231544772,175.231544772,173.590659999,173.590659999
2339,176.974520357,176.974520357,176.744976313,176.744976313,176.974520357,176.974520357,176.744976313,176.744976313,176.934153032,176.934153032,176.602671141,176.602671141,176.289637874,176.289637874,174.642267395,174.642267395
2340,178.022729301,178.022729301,177.791215493,177.791215493,178.022729301,178.022729301,177.791215493,177.791215493,177.983402515,177.983402515,177.65179189,177.65179189,177.335839481,177.335839481,175.681950664,175.681950664
2341,179.13273891,179.13273891,178.899167115,178.899167115,179.13273891,179.13273891,178.899167115,178.899167115,179.09441309,179.09441309,178.762500291,178.762500291,178.443543986,178.443543986,176.782436621,176.782436621
2342,180.231759543,180.231759543,179.996139846,179.996139846,180.231759543,180.231759543,179.996139846,179.996139846,180.194413224,180.194413224,179.862168066,179.862168066,179.540248552,179.540248552,177.871914136,177.871914136
2343,181.319366519,181.319366519,181.081712897,181.081712897,181.319366519,181.319366519,181.081712897,181.081712897,181.282979698,181.282979698,180.950378868,180.950378868,180.625534551,180.625534551,178.949980708,178.949980708
2344,182.395152854,182.395152854,182.155482175,182.155482175,182.395152854,182.395152854,182.155482175,182.155482175,182.359707191,182.359707191,182.026733613,182.026733613,181.69900077,181.69900077,180.016249632,180.016249632
2345,183.458728544,183.458728544,183.217059798,183.217059798,183.458728544,183.458728544,183.217059798,183.217059798,183.424207481,183.424207481,183.090849752,183.090849752,182.760262697,182.760262697,181.070349519,181.070349519
2346,184.585131959,184.585131959,184.341386371,184.341386371,184.585131959,184.585131959,184.341386371,184.341386371,184.55150701,184.55150701,184.217622736,184.217622736,183.884077575,183.884077575,182.186356393,182.186356393
2347,185.700216199,185.700216199,185.454414675,185.454414675,185.700216199,185.700216199,185.454414675,185.454414675,185.667474393,185.667474393,185.333061003,185.333061003,184.996584625,184.996584625,183.291101989,183.291101989
2348,186.803550139,186.803550139,186.555716046,186.555716046,186.803550139,186.803550139,186.555716046,186.555716046,186.77167956,186.77167956,186.436739101,186.436739101,186.097357084,186.097357084,184.384170806,184.384170806
2349,187.894720793,187.894720793,187.64487924,187.64487924,187.894720793,187.894720793,187.64487924,187.64487924,187.863710718,187.863710718,187.528249394,187.528249394,187.18598619,187.18598619,185.465164339,185.465164339
2350,188.973332556,188.973332556,188.721509838,188.721509838,188.973332556,188.973332556,188.721509838,188.721509838,188.943173537,188.943173537,188.607201289,188.607201289,188.262080409,188.262080409,186.533700413,186.533700413
2351,190.115771553,190.115771553,189.861892437,189.861892437,190.115771553,190.115771553,189.861892437,189.861892437,190.086443608,190.086443608,189.749838064,189.749838064,189.401741545,189.401741545,187.66518862,187.66518862
2352,191.246553258,191.246553258,190.990644136,190.990644136,191.246553258,191.246553258,190.990644136,190.990644136,191.218049634,191.218049634,190.88082597,190.88082597,190.529771874,190.529771874,188.785127911,188.785127911
2353,192.365240634,192.365240634,192.107329496,192.107329496,192.365240634,192.365240634,192.107329496,192.107329496,192.337555285,192.337555285,191.999731758,191.999731758,191.645737776,191.645737776,189.893093214,189.893093214
2354,193.471415165,193.471415165,193.211531065,193.211531065,193.471415165,193.471415165,193.211531065,193.211531065,193.444542863,193.444542863,193.106140456,193.106140456,192.749224057,192.749224057,190.988677132,190.988677132
2355,194.564676066,194.564676066,194.302848713,194.302848713,194.564676066,194.564676066,194.302848713,194.302848713,194.538612455,194.538612455,194.199654577,194.199654577,193.839833132,193.839833132,192.071489216,192.071489216
2356,195.722733225,195.722733225,195.458887573,195.458887573,195.722733225,195.722733225,195.458887573,195.458887573,195.697464788,195.697464788,195.357841701,195.357841701,194.994987686,194.994987686,193.218250129,193.218250129
2357,196.868788502,196.868788502,196.602953329,196.602953329,196.868788502,196.868788502,196.602953329,196.602953329,196.844312879,196.844312879,196.504050817,196.504050817,196.138177638,196.138177638,194.353152053,194.353152053
2358,198.002399348,198.002399348,197.734604529,197.734604529,198.002399348,198.002399348,197.734604529,197.734604529,197.97871461,197.97871461,197.637841834,197.637841834,197.268963222,197.268963222,195.475762038,195.475762038
2359,199.12314208,199.12314208,198.853418176,198.853418176,199.12314208,199.12314208,198.853418176,198.853418176,199.100246813,199.100246813,198.758793347,198.758793347,198.386923455,198.386923455,196.58566531,196.58566531
2360,200.230611057,200.230611057,199.958988999,199.958988999,200.230611057,200.230611057,199.958988999,199.958988999,200.208504416,200.208504416,199.866501816,199.866501816,199.491655294,199.491655294,197.682464508,197.682464508
2361,201.403868315,201.403868315,201.130271387,201.130271387,201.403868315,201.403868315,201.130271387,201.130271387,201.382541658,201.382541658,201.039887849,201.039887849,200.661930679,200.661930679,198.844220052,198.844220052
2362,202.564774677,202.564774677,202.289232332,202.289232332,202.564774677,202.564774677,202.289232332,202.289232332,202.544228619,202.544228619,202.200956391,202.200956391,201.819900224,201.819900224,199.993791511,199.993791511
2363,203.712882404,203.712882404,203.435424916,203.435424916,203.712882404,203.712882404,203.435424916,203.435424916,203.69311777,203.69311777,203.349261232,203.349261232,202.965118512,202.965118512,201.130739112,201.130739112
2364,204.847762937,204.847762937,204.568421068,204.568421068,204.847762937,204.847762937,204.568421068,204.568421068,204.828780841,204.828780841,204.484375213,204.484375213,204.097159233,204.097159233,202.254641679,202.254641679
2365,205.969006049,205.969006049,205.687810796,205.687810796,205.969006049,205.969006049,205.687810796,205.687810796,205.950807935,205.950807935,205.605889378,205.605889378,205.215614315,205.215614315,203.365095838,203.365095838
2366,207.157002288,207.157002288,206.873874413,206.873874413,207.157002288,207.157002288,206.873874413,206.873874413,207.139583202,207.139583202,206.794054125,206.794054125,206.400581495,206.400581495,204.541478961,204.541478961
2367,208.332294804,208.332294804,208.047263568,208.047263568,208.332294804,208.332294804,208.047263568,208.047263568,208.315657256,208.315657256,207.969554023,207.969554023,207.572895586,207.572895586,205.705341755,205.705341755
2368,209.494430937,209.494430937,209.207526277,209.207526277,209.494430937,209.494430937,209.207526277,209.207526277,209.478577481,209.478577481,209.131937298,209.131937298,208.732105909,208.732105909,206.856238376,206.856238376
2369,210.642977497,210.642977497,210.354229748,210.354229748,210.642977497,210.642977497,210.354229748,210.354229748,210.627910802,210.627910802,210.280771559,210.280771559,209.877781186,209.877781186,207.993741952,207.993741952
2370,211.777519897,211.777519897,211.48695958,211.48695958,211.777519897,211.777519897,211.48695958,211.48695958,211.763242789,211.763242789,211.415642928,211.415642928,211.009508666,211.009508666,209.117443754,209.117443754
2371,212.979765047,212.979765047,212.687310082,212.687310082,212.979765047,212.979765047,212.687310082,212.687310082,212.966275377,212.966275377,212.618119761,212.618119761,212.208699869,212.208699869,210.308026583,210.308026583
2372,214.168950465,214.168950465,213.874629543,213.874629543,214.168950465,214.168950465,213.874629543,213.874629543,214.156251843,214.156251843,213.807578464,213.807578464,213.39488594,213.39488594,211.485744537,211.485744537
2373,215.344618803,215.344618803,215.048461227,215.048461227,215.344618803,215.344618803,215.048461227,215.048461227,215.332714755,215.332714755,214.983562139,214.983562139,214.56761126,214.56761126,212.65014628,212.65014628
2374,216.506332459,216.506332459,216.208367898,216.208367898,216.506332459,216.506332459,216.208367898,216.208367898,216.495226497,216.495226497,216.145633576,216.145633576,215.726439897,215.726439897,213.800799785,213.800799785
2375,217.653672687,217.653672687,217.353930994,217.353930994,217.653672687,217.653672687,217.353930994,217.353930994,217.643368356,217.643368356,217.293374364,217.293374364,216.870954706,216.870954706,214.93729148,214.93729148
2376,218.869651359,218.869651359,218.568047598,218.568047598,218.869651359,218.869651359,218.568047598,218.568047598,218.860148686,218.860148686,218.509659694,218.509659694,218.083869728,218.083869728,216.141598769,216.141598769
2377,220.072211634,220.072211634,219.768773821,219.768773821,220.072211634,220.072211634,219.768773821,219.768773821,220.063514748,220.063514748,219.712569147,219.712569147,219.28342375,219.28342375,217.332690434,217.332690434
2378,221.260891687,221.260891687,220.955648431,220.955648431,221.260891687,221.260891687,220.955648431,220.955648431,221.253004542,221.253004542,220.901641056,220.901641056,220.469156493,220.469156493,218.510110104,218.510110104
2379,222.4352497,222.4352497,222.128229982,222.128229982,222.4352497,222.4352497,222.128229982,222.128229982,222.428176145,222.428176145,222.076433732,222.076433732,221.640627633,221.640627633,219.673421028,219.673421028
2380,223.594862956,223.594862956,223.286095961,223.286095961,223.594862956,223.594862956,223.286095961,223.286095961,223.588606781,223.588606781,223.236524543,223.236524543,222.797415889,222.797415889,220.822205199,220.822205199
2381,224.824018206,224.824018206,224.513416299,224.513416299,224.824018206,224.824018206,224.513416299,224.513416299,224.818581173,224.818581173,224.466065696,224.466065696,224.023507939,224.023507939,222.039705299,222.039705299
2382,226.039393785,226.039393785,225.726984352,225.726984352,226.039393785,226.039393785,225.726984352,225.726984352,226.034780134,226.034780134,225.681869454,225.681869454,225.235879676,225.235879676,223.243633994,223.243633994
2383,227.240523586,227.240523586,226.926334611,226.926334611,227.240523586,227.240523586,226.926334611,226.926334611,227.236737319,227.236737319,226.883469685,226.883469685,226.434066409,226.434066409,224.433530257,224.433530257
2384,228.426961763,228.426961763,228.111021622,228.111021622,228.426961763,228.426961763,228.111021622,228.111021622,228.424006713,228.424006713,228.070420498,228.070420498,227.617623664,227.617623664,225.608952965,225.608952965
2385,229.598281805,229.598281805,229.280619107,229.280619107,229.598281805,229.598281805,229.280619107,229.280619107,229.596161682,229.596161682,229.242295315,229.242295315,228.786126249,228.786126249,226.769480008,226.769480008
2386,230.840081748,230.840081748,230.520606296,230.520606296,230.840081748,230.840081748,230.520606296,230.520606296,230.838799742,230.838799742,230.484559865,230.484559865,230.024869839,230.024869839,227.99965564,227.99965564
2387,232.067739476,232.067739476,231.746478137,231.746478137,232.067739476,232.067739476,231.746478137,231.746478137,232.067299662,232.067299662,231.712723525,231.712723525,231.249531945,231.249531945,229.215901189,229.215901189
2388,233.280784804,233.280784804,232.957765056,232.957765056,233.280784804,233.280784804,232.957765056,232.957765056,233.281190973,233.281190973,232.926315964,232.926315964,232.459643707,232.459643707,230.417751293,230.417751293
2389,234.478768048,234.478768048,234.154017787,234.154017787,234.478768048,234.478768048,234.154017787,234.154017787,234.480023778,234.480023778,234.124887348,234.124887348,233.654756725,233.654756725,231.604760768,231.604760768
2390,235.661259081,235.661259081,235.334806474,235.334806474,235.661259081,235.661259081,235.334806474,235.334806474,235.663367782,235.663367782,235.308007392,235.308007392,234.834442115,234.834442115,232.776503692,232.776503692
2391,236.915121021,236.915121021,236.586873576,236.586873576,236.915121021,236.915121021,236.586873576,236.586873576,236.918087115,236.918087115,236.56240935,236.56240935,236.085258586,236.085258586,234.018780554,234.018780554
2392,238.154476658,238.154476658,237.824460855,237.824460855,238.154476658,238.154476658,237.824460855,237.824460855,238.158303869,238.158303869,237.80234497,237.80234497,237.321630455,237.321630455,235.246766046,235.246766046
2393,239.378851918,239.378851918,239.04709487,239.04709487,239.378851918,239.378851918,239.04709487,239.04709487,239.383543658,239.383543658,239.027339958,239.027339958,238.543084909,238.543084909,236.459990752,236.459990752
2394,240.587793458,240.587793458,240.254322723,240.254322723,240.587793458,240.587793458,240.254322723,240.254322723,240.593352894,240.593352894,240.236940762,240.236940762,239.749169834,239.749169834,237.658005692,237.658005692
2395,241.78086771,241.78086771,241.445711149,241.445711149,241.78086771,241.78086771,241.445711149,241.445711149,241.787297814,241.787297814,241.430713605,241.430713605,240.93945285,240.93945285,238.840381381,238.840381381
2396,243.046187188,243.046187188,242.709250233,242.709250233,243.046187188,243.046187188,242.709250233,242.709250233,243.053493483,243.053493483,242.696643703,242.696643703,242.201740136,242.201740136,240.094159299,240.094159299
2397,244.296634983,244.296634983,243.957943865,243.957943865,244.296634983,244.296634983,243.957943865,243.957943865,244.304820726,244.304820726,243.947740511,243.947740511,243.449218137,243.449218137,241.333282597,241.333282597
2398,245.531733322,245.531733322,245.191314922,245.191314922,245.531733322,245.531733322,245.191314922,245.191314922,245.54080144,245.54080144,245.183526001,245.183526001,244.681410304,244.681410304,242.55727806,242.55727806
2399,246.751025388,246.751025388,246.408907059,246.408907059,246.751025388,246.751025388,246.408907059,246.408907059,246.760978543,246.760978543,246.403543113,246.403543113,245.897861008,245.897861008,243.765693149,243.765693149
2400,247.954074346,247.954074346,247.610283774,247.610283774,247.954074346,247.954074346,247.610283774,247.610283774,247.964914986,247.964914986,247.607354776,247.607354776,247.098134569,247.098134569,244.958095042,244.958095042
2401,249.230227486,249.230227486,248.884668226,248.884668226,249.230227486,249.230227486,248.884668226,248.884668226,249.241962155,249.241962155,248.884183644,248.884183644,248.371270121,248.371270121,246.222751984,246.222751984
2402,250.491142596,250.491142596,250.143840752,250.143840752,250.491142596,250.491142596,250.143840752,250.143840752,250.503774018,250.503774018,250.145811227,250.145811227,249.629230565,249.629230565,247.472389686,247.472389686
2403,251.736338399,251.736338399,251.38732074,251.38732074,251.736338399,251.736338399,251.38732074,251.38732074,251.749868954,251.749868954,251.39175597,251.39175597,250.871535818,250.871535818,248.706531367,248.706531367
2404,252.965354785,252.965354785,252.614648577,252.614648577,252.965354785,252.965354785,252.614648577,252.614648577,252.979786575,252.979786575,252.621557509,252.621557509,252.097726937,252.097726937,249.92472115,249.92472115
2405,254.177751827,254.177751827,253.825384696,253.825384696,254.177751827,254.177751827,253.825384696,253.825384696,254.19308673,254.19308673,253.834775673,253.834775673,253.307365129,253.307365129,251.126523089,251.126523089
2406,255.464097093,255.464097093,255.109970891,255.109970891,255.464097093,255.464097093,255.109970891,255.109970891,255.480342631,255.480342631,255.121856126,255.121856126,254.590708084,254.590708084,252.40141805,252.40141805
2407,256.73483734,256.73483734,256.37897815,256.37897815,256.73483734,256.73483734,256.37897815,256.37897815,256.751995666,256.751995666,256.393366652,256.393366652,255.858509354,255.858509354,253.660928281,253.660928281
2408,257.989487975,257.989487975,257.631922561,257.631922561,257.989487975,257.989487975,257.631922561,257.631922561,258.007560892,258.007560892,257.64882238,257.64882238,257.110285525,257.110285525,254.904573659,254.904573659
2409,259.227585783,259.227585783,258.868341422,258.868341422,259.227585783,259.227585783,258.868341422,258.868341422,259.246574808,259.246574808,258.887759835,258.887759835,258.345574534,258.345574534,256.131895178,256.131895178
2410,260.448687918,260.448687918,260.087792273,260.087792273,260.448687918,260.448687918,260.087792273,260.087792273,260.468594339,260.468594339,260.109735933,260.109735933,259.56393466,259.56393466,257.342453965,257.342453965
2411,261.744588302,261.744588302,261.381941646,261.381941646,261.744588302,261.744588302,261.381941646,261.381941646,261.765420592,261.765420592,261.406425441,261.406425441,260.856848239,260.856848239,258.626949657,258.626949657
2412,263.024516749,263.024516749,262.660145233,262.660145233,263.024516749,263.024516749,262.660145233,262.660145233,263.04627648,263.04627648,262.687176505,262.687176505,262.133853564,262.133853564,259.895695096,259.895695096
2413,264.287985555,264.287985555,263.92191602,263.92191602,264.287985555,264.287985555,263.92191602,263.92191602,264.310673941,264.310673941,263.951501138,263.951501138,263.394464097,263.394464097,261.148207027,261.148207027
2414,265.534528583,265.534528583,265.166788403,265.166788403,265.534528583,265.534528583,265.166788403,265.166788403,265.558146552,265.558146552,265.198932954,265.198932954,264.638214852,264.638214852,262.384023524,262.384023524
2415,266.763700257,266.763700257,266.394317209,266.394317209,266.763700257,266.763700257,266.394317209,266.394317209,266.788248499,266.788248499,266.429026142,266.429026142,265.864661366,265.864661366,263.602702984,263.602702984
2416,268.068484536,268.068484536,267.697357475,267.697357475,268.068484536,268.068484536,267.697357475,267.697357475,268.09397247,268.09397247,267.734648328,267.734648328,267.166474466,267.166474466,264.896128062,264.896128062
2417,269.356929989,269.356929989,268.984085202,268.984085202,269.356929989,269.356929989,268.984085202,268.984085202,269.383358599,269.383358599,269.023963649,269.023963649,268.452012735,268.452012735,266.173437351,266.173437351
2418,270.62854599,270.62854599,270.254010469,270.254010469,270.62854599,270.62854599,270.254010469,270.254010469,270.655915908,270.655915908,270.296481205,270.296481205,269.720786712,269.720786712,267.434144679,267.434144679
2419,271.882863676,271.882863676,271.506664956,271.506664956,271.882863676,271.882863676,271.506664956,271.506664956,271.911175243,271.911175243,271.551731889,271.551731889,270.972328679,270.972328679,268.677785395,268.677785395
2420,273.119434918,273.119434918,272.741600953,272.741600953,273.119434918,273.119434918,272.741600953,272.741600953,273.148688237,273.148688237,272.78926735,272.78926735,272.20619162,272.20619162,269.903915354,269.903915354
