scenario,year,co2_ppm,ch4_ppb,n2o_ppb,co2_PgC,ch4_co2e_ppm,n2o_co2e_ppm,ch4_PgC_equiv,n2o_PgC_equiv,total_PgC_equiv
ssp126,2022,420.0372543334961,1883.5850118001301,333.17207590738934,892.1591282043457,56.13083335164388,90.9559767227173,119.2218900388916,193.19049455905156,1204.571512802289
ssp126,2023,422.7210998535156,1878.5761617024739,333.7720642089844,897.8596160888673,55.98156961873372,91.11977352905274,118.90485387019044,193.53839897570802,1210.3028689347657
ssp126,2024,425.33638763427734,1872.1611735026042,334.34814707438153,903.4144873352051,55.790402970377606,91.27704415130616,118.49881590908204,193.8724417773743,1215.7857450216613
ssp126,2025,427.8850351969401,1864.436279296875,334.9011637369792,908.8278147583009,55.56020112304687,91.42801770019533,118.00986718535157,194.19310959521488,1221.030791538867
ssp126,2026,430.37188720703125,1855.5086364746094,335.431391398112,914.1098884277344,55.29415736694336,91.57276985168458,117.4447902473877,194.50056316497808,1226.0552418401003
ssp126,2027,432.799072265625,1845.4579976399739,335.93936920166016,919.2652294921876,54.99464832967122,91.71144779205324,116.80863305222168,194.7951151103211,1230.8689776547303
ssp126,2028,435.17043050130206,1834.3631795247395,336.4235610961914,924.3019943847656,54.66402274983724,91.84363217926025,116.1063843206543,195.0758747487488,1235.4842534541685
ssp126,2029,437.4869079589844,1822.3066813151042,336.88671620686847,929.2221925048829,54.30473910319011,91.9700735244751,115.3432658551758,195.34443616598512,1239.909894526044
ssp126,2030,439.751714070638,1809.351582845052,337.3268178304036,934.0326406860352,53.91867716878255,92.09022126770019,114.52327030649414,195.5996299725952,1244.1555409651246
ssp126,2031,441.9638214111328,1795.5842895507812,337.74507395426434,938.7311566772462,53.50841182861328,92.20440518951416,113.65186672397462,195.84215662252808,1248.2251800237489
ssp126,2032,444.10486094156903,1781.3380940755208,338.1459376017253,943.2787246398926,53.08387520345052,92.313840965271,112.7501509321289,196.07459821023562,1252.103473782257
ssp126,2033,446.15875752766925,1766.8840942382812,338.534912109375,947.6412009887696,52.65314600830079,92.42003100585937,111.83528212163088,196.3001458564453,1255.776628966846
ssp126,2034,448.1308771769206,1752.2473042805989,338.9108479817708,951.8299831237794,52.21696966756185,92.52266149902343,110.90884357390136,196.51813302392577,1259.2569597216066
ssp126,2035,450.0212122599284,1737.4242655436199,339.27488708496094,955.845054840088,51.77524311319987,92.62204417419434,109.97061637243652,196.7292218259888,1262.5448930385132
ssp126,2036,452.05877450796277,1722.1414513221155,339.6492872971755,960.172837054913,51.31981524939904,92.7242554321289,109.00328758972357,196.9463185378418,1266.1224431824783
ssp126,2037,453.70991770426434,1706.082010904948,339.9934794108073,963.6798652038575,50.84124392496745,92.8182198791504,107.98680209663087,197.14589902331548,1268.8125663238038
ssp126,2038,455.3636296590169,1690.8318277994792,340.3195292154948,967.192349395752,50.38678846842448,92.90723147583007,107.0215387069336,197.3349596546631,1271.5488477573488
ssp126,2039,456.9429626464844,1675.4764099121094,340.63345591227215,970.5468526611329,49.92919701538086,92.99293346405031,106.04961446066895,197.51699067764287,1274.1134577994449
ssp126,2040,458.44790903727215,1660.0159708658855,340.9356231689453,973.7433587951662,49.46847593180339,93.07542512512207,105.07104287915041,197.6922029657593,1276.5066046400757
ssp126,2041,459.8818359375,1644.4888916015625,341.2267023722331,976.78901953125,49.00576896972657,93.15488974761963,104.08825329169923,197.8609858239441,1278.7382586468932
ssp126,2042,461.2411473592122,1629.1493225097656,341.5086949666341,979.6761969909668,48.54864981079101,93.2318737258911,103.11733219812011,198.02449979379273,1280.8180289828797
ssp126,2043,462.5244623819987,1614.1688435872395,341.7856267293294,982.4019580993653,48.10223153889974,93.30747609710693,102.16913978862304,198.18507923025513,1282.7561771182434
ssp126,2044,463.7330780029297,1599.510233561198,342.0557047526042,984.9690576782227,47.6654049601237,93.38120739746094,101.24132013530274,198.34168451220705,1284.5520623257325
ssp126,2045,464.8675715128581,1585.1482849121094,342.32063547770184,987.3787218933106,47.237418890380866,93.4535334854126,100.33227772316897,198.49530512301638,1286.2063047394959
ssp126,2046,465.92706807454425,1571.0640157063801,342.5786717732747,989.629092590332,46.81770766805013,93.523977394104,99.44081108693848,198.6449279850769,1287.7148316623475
ssp126,2047,466.91282145182294,1557.2478535970051,342.83174896240234,991.7228327636719,46.40598603719075,93.59306746673583,98.56631434299315,198.7916752993469,1289.080822406012
ssp126,2048,467.82558186848956,1543.6761576334636,343.07883707682294,993.6615358886719,46.00154949747722,93.66052252197267,97.70729113264163,198.93494983666994,1290.3037768579834
ssp126,2049,468.66546122233075,1530.3221740722656,343.3209482828776,995.4454396362306,45.60360078735352,93.72661888122559,96.86204807233888,199.07533850372317,1291.3828262122925
ssp126,2050,469.4334487915039,1517.1749979654949,343.55686442057294,997.0766452331543,45.21181493937175,93.79102398681641,96.0298949312256,199.21213494799807,1292.3186751123778
ssp126,2051,470.13097127278644,1504.2329406738281,343.78708902994794,998.5581829833984,44.82614163208008,93.85387530517578,95.2107248265381,199.34563114819335,1293.11453895813
ssp126,2052,470.76507568359375,1491.5631205240886,344.013427734375,999.9050207519532,44.448580991617845,93.91566577148437,94.40878602619631,199.4768740986328,1293.7906808767823
ssp126,2053,471.34252166748047,1479.2047424316406,344.23585001627606,1001.1315160217285,44.08030132446289,93.97638705444336,93.62656001315918,199.6058461036377,1294.3639221385256
ssp126,2054,471.8618748982747,1467.143330891927,344.4553680419922,1002.2346222839356,43.72087126057943,94.03631547546387,92.86313055747071,199.73313406988527,1294.8308869112914
ssp126,2055,472.3242594401042,1455.3566080729167,344.6718928019206,1003.2167270507813,43.36962692057292,94.09542673492432,92.11708757929688,199.85868638497925,1295.1925010150576
ssp126,2056,472.7285919189453,1443.8185017903645,344.88527425130206,1004.0755292358399,43.02579135335286,94.15367987060546,91.38678083452147,199.982416045166,1295.4447261155274
ssp126,2057,473.0761413574219,1432.5277201334636,345.09466552734375,1004.8137242431641,42.68932605997722,94.21084368896484,90.67212855139162,200.10383199536133,1295.589684789917
ssp126,2058,473.3664042154948,1421.4529825846355,345.3012466430664,1005.4302425537111,42.35929888102214,94.26724033355713,89.97115082329103,200.22361846847534,1295.6250118454773
ssp126,2059,473.59898630777997,1410.5870463053386,345.5045674641927,1005.9242469177248,42.035493979899094,94.3227469177246,89.28338921330568,200.34151445324707,1295.5491505842776
ssp126,2060,473.77526092529297,1399.9206034342449,345.7041244506836,1006.2986542053224,41.717633982340494,94.37722597503662,88.60825457849121,200.4572279709778,1295.3641367547914
ssp126,2061,473.8944396972656,1389.4360860188801,345.9016977945964,1006.5517899169922,41.40519536336263,94.43116349792481,87.94463495178223,200.57179126959232,1295.0682161383668
ssp126,2062,473.9684422810872,1379.0457356770833,346.0963617960612,1006.7089714050293,41.095562923177084,94.48430677032472,87.28697564882813,200.68466758016973,1294.6806146340273
ssp126,2063,474.00174204508465,1368.6910196940105,346.2901560465495,1006.7797001037599,40.786992386881515,94.53721260070802,86.63157182973634,200.79703956390384,1294.2083114974
ssp126,2064,473.994878133138,1358.379638671875,346.4818700154622,1006.7651211547852,40.47971323242187,94.58955051422119,85.97891090566407,200.90820529220582,1293.652237352655
ssp126,2065,473.94578043619794,1348.1158854166667,346.67268625895184,1006.6608376464844,40.17385338541667,94.64164334869386,85.32926459062502,201.0188504726258,1293.0089527097352
ssp126,2066,473.85479227701825,1337.8815002441406,346.86123911539715,1006.4675787963868,39.86886870727539,94.69311827850343,84.68147713425293,201.1281832235413,1292.277239154181
ssp126,2067,473.72168223063153,1327.6876017252605,347.04815673828125,1006.1848530578615,39.565090531412764,94.74414678955078,84.03625228872072,201.23656778100587,1291.457673127588
ssp126,2068,473.5453338623047,1317.523173014323,347.23502858479816,1005.8102891235352,39.26219055582683,94.7951628036499,83.39289274057619,201.3449257949524,1290.5481076590638
ssp126,2069,473.32513427734375,1307.3994445800781,347.41959381103516,1005.3425852050782,38.96050344848633,94.84554911041259,82.75210932458496,201.45194631051635,1289.5466408401796
ssp126,2070,473.0631383260091,1297.3041585286458,347.6023763020833,1004.7861058044434,38.65966392415365,94.89544873046874,82.11312617490235,201.5579331035156,1288.4571650828614
ssp126,2071,472.7559356689453,1287.237772623698,347.7842661539714,1004.1336073608398,38.359685624186206,94.94510466003419,81.4759722657715,201.66340229791263,1287.272981924524
ssp126,2072,472.39269256591797,1277.161885579427,347.9665222167969,1003.3620790100098,38.05942419026693,94.99486056518555,80.83821698012697,201.7690838404541,1285.969379830591
ssp126,2073,471.96488189697266,1267.0334167480469,348.15069580078125,1002.4534091491699,37.7575958190918,95.04513995361327,80.19713351975098,201.8758772614746,1284.5264199303956
ssp126,2074,471.4744364420573,1256.8671773274739,348.3347625732422,1001.4117030029298,37.45464188435872,95.09539018249512,79.55365936237793,201.98260874761965,1282.9479711129275
ssp126,2075,470.9209925333659,1246.6622212727864,348.5212682088216,1000.2361881408692,37.15053419392904,95.1463062210083,78.90773462790528,202.09075441342165,1281.234677182196
ssp126,2076,470.3069203694661,1236.4377543131511,348.70931752522785,998.9318988647461,36.8458450785319,95.1976436843872,78.26057494680177,202.19979518563844,1279.3922689971864
ssp126,2077,469.63151295979816,1226.1715494791667,348.89746856689453,997.4973335266113,36.53991217447917,95.2490089187622,77.61077345859375,202.30889494345092,1277.417001928656
ssp126,2078,468.8943913777669,1215.8895467122395,349.08780161539715,995.9316872863769,36.23350849202474,95.30096984100342,76.95997203706055,202.4192599422913,1275.310919265729
ssp126,2079,468.0985972086589,1205.585957845052,349.2789789835612,994.2414204711915,35.92646154378255,95.3531612625122,76.30780431899414,202.53011452157594,1273.0793393117617
ssp126,2080,467.2422129313151,1195.2605387369792,349.47229766845703,992.4224602661134,35.61876405436198,95.40593726348878,75.65425485146486,202.64221074765018,1270.7189258652284
ssp126,2081,466.3275629679362,1184.9477844238281,349.66649119059247,990.4797437438966,35.31144397583008,95.45895209503173,75.0015070046631,202.7548142498474,1268.236064998407
ssp126,2082,465.37449645996094,1174.9544576009114,349.8643976847331,988.455430480957,35.01364283650716,95.51298056793213,74.36897738474121,202.86957072628786,1265.6939785919863
ssp126,2083,464.3951059977214,1165.4938049316406,350.06833902994794,986.3752051391602,34.73171538696289,95.56865655517579,73.77016348190918,202.9878265231934,1263.1331951442628
ssp126,2084,463.3872706095378,1156.5089213053386,350.2772038777669,984.2345627746583,34.46396585489909,95.62567665863037,73.20146347580567,203.1089372229309,1260.544963473395
ssp126,2085,462.3515218098958,1147.9726867675781,350.4922154744466,982.0346323242187,34.20958606567383,95.68437482452391,72.66116080349123,203.2336121272888,1257.9294052549988
ssp126,2086,461.28532155354816,1139.8490498860676,350.71192932128906,979.7700229797364,33.96750168660481,95.74435670471192,72.14697358234862,203.36101364080812,1255.278010202893
ssp126,2087,460.1895116170247,1132.1119486490886,350.9369176228841,977.4425226745606,33.736936069742846,95.80577851104735,71.65725221213381,203.4914735574646,1252.591248444159
ssp126,2088,459.06443277994794,1124.7286987304688,351.16784922281903,975.0528552246095,33.51691522216797,95.8688228378296,71.18992793188477,203.62537970755008,1249.8681628640443
ssp126,2089,457.9083887736003,1117.6720377604167,351.4036127726237,972.597417755127,33.30662672526042,95.93318628692627,70.74327516445314,203.7620876734314,1247.1027805930114
ssp126,2090,456.7231928507487,1110.9209899902344,351.64462025960285,970.0800616149903,33.105445501708985,95.99898133087159,70.3159662456299,203.90183634677126,1244.2978642073915
ssp126,2091,455.5089619954427,1104.4463806152344,351.8912302652995,967.5010352783203,32.91250214233399,96.06630586242676,69.9061545503174,204.04483365179445,1241.4520234804322
ssp126,2092,454.3018544514974,1098.2387797037761,352.1365966796875,964.9371388549805,32.72751563517253,96.13329089355469,69.51324320910646,204.18710985791017,1238.6374919219973
ssp126,2093,453.1235097249349,1092.2542928059895,352.3779525756836,962.4343346557617,32.54917792561849,96.19918105316162,69.13445391401368,204.3270605569153,1235.8958491266908
ssp126,2094,451.9680811564128,1086.4916890462239,352.6151936848958,959.9802043762207,32.37745233357747,96.26394787597656,68.76970875651855,204.4646252885742,1233.2145384213136
ssp126,2095,450.8360239664714,1080.9331970214844,352.84739176432294,957.5757149047853,32.211809271240234,96.32733795166017,68.41788289211426,204.5992658093262,1230.5928636062258
ssp126,2096,449.72403208414715,1075.5529276529949,353.07580820719403,955.2138441467287,32.05147724405925,96.38969564056397,68.07733766638185,204.73171354055788,1228.0228953536684
ssp126,2097,448.6301752726237,1070.3511454264324,353.3000793457031,952.8904922790529,31.89646413370768,96.45092166137695,67.74808981999512,204.86175760876466,1225.5003397078126
ssp126,2098,447.55517323811847,1065.2953491210938,353.52046966552734,950.6071879577637,31.745801403808592,96.51108821868897,67.42808218168945,204.98955137649537,1223.0248215159486
ssp126,2099,446.4956537882487,1060.4002075195312,353.7366027832031,948.3567686462403,31.599926184082033,96.57009255981446,67.11824321499024,205.1148765970459,1220.5898884582764
ssp126,2100,445.4509735107422,1055.6212463378906,353.9481150309245,946.1378677368165,31.457513140869143,96.62783540344239,66.81575791120606,205.23752239691166,1218.1911480449342
ssp245,2022,420.4425735473633,1932.9007364908855,333.6809768676758,893.0200262145996,57.600441947428386,91.09490668487548,122.3433386963379,193.48558179867553,1208.848946709613
ssp245,2023,423.37098439534503,1942.7501017252605,334.4634323120117,899.2399708557128,57.893953031412764,91.3085170211792,122.96675623872072,193.93929015298463,1216.146017247418
ssp245,2024,426.3163477579753,1952.2413431803386,335.25195566813153,905.4959226379395,58.176792026774095,91.52378389739991,123.56750626486819,194.39651699807743,1223.4599459008853
ssp245,2025,429.2788950602214,1961.404805501302,336.04641977945965,911.7883731079103,58.449863203938804,91.74067259979249,124.14750944516602,194.85718860195925,1230.7930711550355
ssp245,2026,432.2616271972656,1970.271504720052,336.84579213460285,918.1236961669922,58.714090840657555,91.95890125274659,124.70872894555666,195.32070626083376,1238.1531313733826
ssp245,2027,435.2641906738281,1978.8572285970051,337.6502990722656,924.501140991211,58.969945412190754,92.17853164672852,125.25216405549317,195.7872012176514,1245.5405062643554
ssp245,2028,438.2870686848958,1987.1780802408855,338.4607213338216,930.9217338867188,59.21790679117839,92.39977692413329,125.77883402446291,196.25712618685913,1252.9576940980407
ssp245,2029,441.33287556966144,1995.2666320800781,339.2761917114258,937.3910277099609,59.458945635986325,92.62240033721923,126.29080053083496,196.72997831625366,1260.4118065570494
ssp245,2030,444.4008382161458,2003.1326802571614,340.09767659505206,943.9073803710937,59.693353871663405,92.84666571044922,126.78868362341308,197.20631796899414,1267.902381963501
ssp245,2031,447.4913965861003,2010.77197265625,340.9239908854167,950.471726348877,59.92100478515625,93.07224951171875,127.27221416367188,197.68545796289064,1275.4293984754397
ssp245,2032,450.59267171223956,2017.7816467285156,341.75196584065753,957.0588347167969,60.12989307250976,93.29828667449951,127.71589288601074,198.16556089663698,1282.9402884994447
ssp245,2033,453.69482676188153,2023.8648986816406,342.5788981119792,963.6478120422364,60.311173980712894,93.52403918457031,128.1009335350342,198.64505922802735,1290.393804805298
ssp245,2034,456.8012288411458,2029.0849304199219,343.40472920735675,970.2458100585937,60.46673092651367,93.7494910736084,128.43133648791505,199.12391904034425,1297.801065586853
ssp245,2035,459.9126917521159,2033.5006815592449,344.22865804036456,976.8545572814942,60.598320310465496,93.97442364501953,128.71083233942872,199.6016758220215,1305.1670654429442
ssp245,2036,463.31776310847357,2037.677969125601,345.0953157865084,984.0869288423979,60.72280347994291,94.2110212097168,128.97523459139876,200.1042090494385,1313.1663724832351
ssp245,2037,466.42117563883465,2040.3846028645833,345.9439188639323,990.6785770568848,60.80346116536458,94.44268984985352,129.14655151523436,200.59627324108888,1320.4214018132081
ssp245,2038,469.5587692260742,2042.6813252766926,346.7649205525716,997.3428258361816,60.87190349324544,94.66682331085204,129.29192301965332,201.07233271224973,1327.7070815680847
ssp245,2039,472.7064615885417,2044.3718363444011,347.58561452229816,1004.0285244140626,60.92228072306316,94.89087276458739,129.39892425578617,201.5482137519836,1334.9756624218326
ssp245,2040,475.86549377441406,2045.5179951985676,348.4045918782552,1010.7383087768555,60.95643625691732,95.11445358276366,129.4714706096924,202.02309940979003,1342.2328787963381
ssp245,2041,479.03456115722656,2046.140116373698,349.22318776448566,1017.4694078979493,60.974975467936204,95.33793025970458,129.5108478938965,202.49776387161253,1349.4780196634583
ssp245,2042,482.2038828531901,2046.0313924153645,350.0359649658203,1024.201047180176,60.97173549397786,95.55981843566894,129.503966189209,202.96905435736085,1356.6740677267458
ssp245,2043,485.36669667561847,2045.0615336100261,350.8420054117839,1030.9188637390137,60.94283370157878,95.779867477417,129.44257878215333,203.4364385220337,1363.7978810432007
ssp245,2044,488.52391815185547,2043.3170878092449,351.64170837402344,1037.6248021545412,60.890849216715495,95.9981863861084,129.33216373630373,203.90014788409425,1370.857113774939
ssp245,2045,491.677241007487,2040.848164876302,352.4336395263672,1044.3224598999025,60.8172753133138,96.21438359069825,129.17589276547852,204.3593507466431,1377.857703412024
ssp245,2046,494.82660420735675,2037.6989644368489,353.21940358479816,1051.0117073364258,60.723429140218094,96.42889717864989,128.97656349382325,204.8149776074524,1384.8032484377015
ssp245,2047,497.97325388590497,2033.9275716145833,353.99725341796875,1057.6951912536622,60.61104163411458,96.64125018310546,128.73785243085936,205.266015388916,1391.6990590734376
ssp245,2048,501.1177673339844,2029.5738118489583,354.76922607421875,1064.374137817383,60.48129959309896,96.85199871826171,128.4622803357422,205.7136452775879,1398.550063430713
ssp245,2049,504.2593688964844,2024.6875,355.5339660644531,1071.046899536133,60.335687500000006,97.0607727355957,128.15300025000002,206.1570812904053,1405.3569810765384
ssp245,2050,507.40040079752606,2019.3079732259114,356.29198201497394,1077.7184512939455,60.17537760213216,97.26771109008789,127.81250202692871,206.5966183553467,1412.127571676221
ssp245,2051,510.53790283203125,2013.4578552246094,357.0437469482422,1084.3825056152343,60.00104408569336,97.47294291687012,127.4422176380127,207.03253075543216,1418.857254008679
ssp245,2052,513.6565526326498,2007.099589029948,357.7859624226888,1091.0065177917481,59.811567753092454,97.67556774139403,127.03976990756838,207.46290588272095,1425.5091935820374
ssp245,2053,516.744140625,2000.2137756347656,358.5171254475911,1097.5645546875,59.60637051391602,97.87517524719237,126.60393097155763,207.88687222503663,1432.0553578840943
ssp245,2054,519.8012898763021,1992.846435546875,359.23726654052734,1104.0579396972657,59.386823779296876,98.07177376556396,126.13761370722656,208.30444747805785,1438.5000008825502
ssp245,2055,522.8306376139323,1985.0337829589844,359.94655354817706,1110.492274291992,59.154006732177734,98.26540911865234,125.64311029914552,208.7157289680176,1444.8511135591552
ssp245,2056,525.8319091796875,1976.8078002929688,360.64581807454425,1116.8669750976562,58.90887244873047,98.45630833435058,125.12244508110352,209.12119890216064,1451.1106190809203
ssp245,2057,528.8052825927734,1968.2062683105469,361.33392333984375,1123.182420227051,58.652546795654295,98.64416107177735,124.57800939396974,209.5201981164551,1457.2806277374757
ssp245,2058,531.75189208984375,1959.2493693033855,362.0111948649089,1129.4410187988283,58.38563120524089,98.82905619812011,124.01108067993165,209.91291536480713,1463.365014843567
ssp245,2059,534.6724904378256,1949.9799092610676,362.6785659790039,1135.6443696899416,58.109401295979815,99.01124851226805,123.42436835266113,210.29989184005737,1469.3686298826601
ssp245,2060,537.5672963460287,1940.4064331054688,363.33580780029297,1141.792937438965,57.824111706542965,99.19067552947998,122.81841326469727,210.68099482461548,1475.2923455282778
ssp245,2061,540.4351654052734,1930.5836690266926,363.9818979899089,1147.884291320801,57.53139333699544,99.36705815124512,122.19667944777832,211.05563151324463,1481.1366022818238
ssp245,2062,543.2649637858073,1920.8536173502605,364.6156946818034,1153.8947830810546,57.24143779703776,99.54008464813232,121.58081388090821,211.42313979263307,1486.8987367545958
ssp245,2063,546.0493927001953,1911.4345703125,365.23531341552734,1159.808910095215,56.9607501953125,99.70924056243896,120.98463341484376,211.78242695462038,1492.5759704646791
ssp245,2064,548.79010009765625,1902.2778015136719,365.8409957885742,1165.6301726074219,56.687878485107426,99.87459185028077,120.40505390236818,212.13363308999635,1498.1688595997862
ssp245,2065,551.4867604573568,1893.3913269042969,366.4326578776042,1171.3578792114258,56.42306154174805,100.03611560058594,119.84258271467286,212.47670953564455,1503.6771714617435
ssp245,2066,554.1407318115234,1884.7396647135417,367.0103047688802,1176.9949143676758,56.165242008463544,100.19381320190429,119.29497402597657,212.81165924084473,1509.1015476344974
ssp245,2067,556.7525329589844,1876.3161722819011,367.57408396402997,1182.542380004883,55.91422193400065,100.34772492218018,118.76180738781738,213.1385677347107,1514.4427551274111
ssp245,2068,559.3216552734375,1868.102294921875,368.1248321533203,1187.9991958007813,55.66944838867188,100.49807917785644,118.24190837753908,213.4579201737671,1519.6990243520877
ssp245,2069,561.8507334391276,1860.1057942708333,368.66155497233075,1193.370957824707,55.43115266927083,100.6446045074463,117.73576826953125,213.76913997381595,1524.8758660680542
ssp245,2070,564.3382364908854,1852.2854309082031,369.1853993733724,1198.6544143066405,55.198105841064454,100.78761402893065,117.24077680642091,214.0728921974487,1529.96808331051
ssp245,2071,566.7849884033203,1844.6405843098958,369.6947606404622,1203.8513153686524,54.970289412434894,100.92666965484618,116.75689471201173,214.3682463468933,1534.9764564275574
ssp245,2072,569.1639353434244,1837.0770060221355,370.18670654296875,1208.9041986694335,54.74489477945964,101.06097088623046,116.27815651157229,214.6535021623535,1539.8358573433593
ssp245,2073,571.4612935384115,1829.5291748046875,370.6593831380208,1213.783787475586,54.519969409179694,101.19001159667968,115.80041502509768,214.92758463134766,1544.5117871320313
ssp245,2074,573.6791127522787,1822.003153483073,371.11216735839844,1218.49443548584,54.29569397379557,101.31362168884277,115.3240540003418,215.19013246710205,1549.008621953284
ssp245,2075,575.8179423014323,1814.4960123697917,371.54581451416016,1223.0373094482422,54.07198116861979,101.43200736236571,114.84888800214844,215.4415836376648,1553.3277810880554
ssp245,2076,577.8790283203125,1807.0103963216145,371.9585215250651,1227.4150561523438,53.848909810384114,101.54467637634278,114.37508443725586,215.68089262335207,1557.4710332129519
ssp245,2077,579.8632151285807,1799.5557149251301,372.3534673055013,1231.6294689331055,53.62676030476888,101.65249657440185,113.90323888732911,215.90990272402954,1561.442610544464
ssp245,2078,581.77166748046875,1792.1304931640625,372.7281799316406,1235.6830217285158,53.40548869628906,101.7547931213379,113.43325799091798,216.12718058972172,1565.2434603091556
ssp245,2079,583.6049855550131,1784.7358907063801,373.08514912923175,1239.5769893188478,53.18512954305013,101.85224571228026,112.96521514943848,216.3341698928833,1568.8763743611696
ssp245,2080,585.3625691731771,1777.36962890625,373.4217758178711,1243.3100969238283,52.96561494140625,101.94414479827881,112.49896613554688,216.5293635515442,1572.3384266109194
ssp245,2081,587.0452880859375,1770.0584615071614,373.7411193847656,1246.8841918945313,52.74774215291341,102.03132559204101,112.03620433278809,216.71453555749514,1575.6349317848146
ssp245,2082,588.63690185546875,1762.9948120117188,374.0444793701172,1250.2647795410157,52.53724539794922,102.114142868042,111.58910922524414,216.89043945172122,1578.744328217981
ssp245,2083,590.1282196044922,1756.3202107747395,374.3331985473633,1253.4323384399415,52.33834228108724,102.19296320343018,111.16663900502931,217.0578538440857,1581.6568312890565
ssp245,2084,591.5220743815104,1749.9954630533855,374.6091003417969,1256.392885986328,52.14986479899089,102.26828439331055,110.76631283305666,217.21783605139163,1584.3770348707765
ssp245,2085,592.8188018798828,1743.9994201660156,374.87180582682294,1259.1471351928712,51.97118272094727,102.34000299072267,110.38679209929201,217.37016635229494,1586.9040936444583
ssp245,2086,594.0186716715494,1738.3098958333333,375.12053934733075,1261.695658630371,51.80163489583333,102.40790724182129,110.02667251875,217.51439498162844,1589.2367261307495
ssp245,2087,595.12274169921875,1732.9168395996094,375.35634358723956,1264.0407033691406,51.64092182006836,102.4722817993164,109.68531794582519,217.65112654174806,1591.3771478567137
ssp245,2088,596.1318817138672,1727.7795918782551,375.5780029296875,1266.184116760254,51.487831837972,102.53279479980469,109.36015482385254,217.7796561547852,1593.3239277388918
ssp245,2089,597.0460052490234,1722.9135131835938,375.7869237263997,1268.1257151489258,51.342822692871096,102.58983017730712,109.05215539965822,217.90079929660033,1595.0786698451843
ssp245,2090,597.86505126953125,1718.2678731282551,375.98277537027997,1269.8653688964844,51.20438261922201,102.64329767608643,108.75810868322755,218.01436426400758,1596.6378418437196
ssp245,2091,598.593251546224,1713.8472900390625,376.1668065388997,1271.41206628418,51.072649243164065,102.69353818511962,108.47830699248048,218.12107510519408,1598.0114483818543
ssp245,2092,599.257558186849,1709.6535339355469,376.33749135335285,1272.8230535888674,50.9476753112793,102.74013513946534,108.21286236115724,218.2200470362244,1599.255962986249
ssp245,2093,599.8760528564453,1705.6683858235676,376.4955698649089,1274.1367362670899,50.82891789754232,102.78329057312013,107.96062161437989,218.31170917730716,1600.409067058777
ssp245,2094,600.4469197591146,1701.8916422526042,376.64270782470703,1275.3492575683595,50.71637093912761,102.82345923614503,107.72157187470704,218.39702741757205,1601.4678568606384
ssp245,2095,600.9697621663412,1698.2900492350261,376.7776234944661,1276.4597748413087,50.60904346720378,102.86029121398926,107.49360832434084,218.4752585385132,1602.4286417041626
ssp245,2096,601.4411671956381,1694.8699747721355,376.90067291259766,1277.4610391235353,50.50712524820964,102.89388370513916,107.27713402719728,218.5466089897156,1603.2847821404482
ssp245,2097,601.8641255696615,1691.6047973632812,377.01170857747394,1278.3594027099612,50.40982296142578,102.9241964416504,107.07046397006836,218.61099324206546,1604.040859922095
ssp245,2098,602.2351837158203,1688.5017801920574,377.1118977864583,1279.1475302124024,50.317353049723316,102.95154809570312,106.87405787761233,218.66908815527344,1604.6906762452882
ssp245,2099,602.5550435384115,1685.5317281087239,377.19966379801434,1279.8269124755861,50.22884549763997,102.97550821685792,106.6860678369873,218.71997945260622,1605.2329597651797
ssp245,2100,602.8222707112631,1682.6962992350261,377.2761815388997,1280.394502990723,50.14434971720378,102.99639756011963,106.50659879934084,218.76434841769412,1605.6654502077577
ssp370,2022,422.1290232340495,1955.7797749837239,333.90064748128253,896.6020453491212,58.28223729451497,91.15487676239013,123.79147201354981,193.61295824331665,1214.0064756059876
ssp370,2023,425.57393137613934,1972.8420715332031,334.75586191813153,903.91903024292,58.79069373168945,91.3883503036499,124.8714334861084,194.1088560449524,1222.899319773981
ssp370,2024,429.080078125,1990.2605082194011,335.6248296101888,911.3660859375001,59.30976314493815,91.62557848358155,125.97393691984864,194.61272869912722,1231.952751556476
ssp370,2025,432.64834849039715,2008.0070292154949,336.50604756673175,918.9450921936036,59.838609470621755,91.86615098571777,127.09720651560062,195.12370469366454,1241.1660034028687
ssp370,2026,436.28192647298175,2026.0503845214844,337.40216064453125,926.6628118286133,60.376301458740244,92.11078985595704,128.23926429836428,195.64331765405277,1250.5453937810303
ssp370,2027,439.9824676513672,2044.3625895182292,338.3101348876953,934.5227612915039,60.922005167643235,92.35866682434082,129.39833897607423,196.1698083348999,1260.090908602478
ssp370,2028,443.75018819173175,2062.9332682291665,339.2313410441081,942.5253997192383,61.475411393229166,92.6101561050415,130.57377379921874,196.70397156710814,1269.8031450855651
ssp370,2029,447.5869140625,2081.7309366861978,340.1663869222005,950.6746054687501,62.0355819132487,92.86542362976074,131.76357598374025,197.24615978961182,1279.6843412421022
ssp370,2030,451.4939600626628,2100.7389933268228,341.11342366536456,958.9731711730958,62.60202200113932,93.12396466064453,132.96669473041993,197.795300939209,1289.7351668427248
ssp370,2031,455.47140248616535,2119.9296671549478,342.07348887125653,967.4212588806153,63.173904081217444,93.38606246185304,134.18137226850587,198.3519966689759,1299.9546278180972
ssp370,2032,459.5055236816406,2139.1564737955728,343.04420979817706,975.9897322998047,63.746862919108075,93.65106927490234,135.39833684018555,198.91487113989257,1310.3029402798827
ssp370,2033,463.5852584838867,2158.2979736328125,344.0228983561198,984.6550890197755,64.31727961425781,93.91825125122071,136.6099019006836,199.4823656575928,1320.7473565780517
ssp370,2034,467.71240234375,2177.3518880208335,345.0106964111328,993.421142578125,64.88508626302084,94.18792012023926,137.81592322265627,200.05514233538818,1331.2922081361694
ssp370,2035,471.89068094889325,2196.33544921875,346.0073649088542,1002.2958063354494,65.45079638671875,94.4600106201172,139.01749152539062,200.63306255712894,1341.9463604179691
ssp370,2036,476.45984825721155,2216.422607421875,347.06259390024036,1012.0007176983174,66.04939370117188,94.74808813476562,140.28891222128908,201.2449391982422,1353.5345691178488
ssp370,2037,480.7664540608724,2235.6432495117188,348.11068471272785,1021.147948425293,66.62216883544923,95.0342169265747,141.50548660649417,201.8526767520447,1364.5061117838318
ssp370,2038,485.11095428466797,2254.4021809895835,349.13294982910156,1030.3756669006348,67.1811849934896,95.31329530334472,142.6928369261719,202.44543922430418,1375.5139430511108
ssp370,2039,489.51219940185547,2273.088663736979,350.1634241739909,1039.723911529541,67.73804217936198,95.59461479949951,143.87560158896486,203.04296183413697,1386.642474952643
ssp370,2040,493.971440633138,2291.6973673502603,351.2028452555339,1049.1953399047852,68.29258154703776,95.87837675476074,145.0534432059082,203.64567222711182,1397.8944553378053
ssp370,2041,498.4906183878581,2310.2475789388022,352.25010172526044,1058.7940734558106,68.8453778523763,96.16427777099611,146.22758255844727,204.25292598559574,1409.2745819998536
ssp370,2042,503.05969492594403,2328.7379760742188,353.30411020914715,1068.4987920227052,69.39639168701171,96.45202208709718,147.3979359432129,204.8640949129944,1420.7608228789124
ssp370,2043,507.6764221191406,2347.181437174479,354.3642298380534,1078.3047205810547,69.94600682779947,96.74143474578857,148.56531850224607,205.47880740005493,1432.3488464833556
ssp370,2044,512.3407033284506,2365.5833129882812,355.4313151041667,1088.2116538696291,70.49438272705078,97.0327490234375,149.73006891225586,206.09755892578127,1444.039281707666
ssp370,2045,517.05609130859375,2383.9362589518228,356.50428009033203,1098.227137939453,71.04130051676432,97.32566846466064,150.89172229760743,206.7197198189392,1455.8385800559997
ssp370,2046,521.8215688069662,2402.248291015625,357.58331298828125,1108.3490121459963,71.58699907226563,97.6202444458008,152.0507860294922,207.34539920288088,1467.7451973783693
ssp370,2047,526.6393025716146,2420.5111083984375,358.66825612386066,1118.5818786621096,72.13123103027344,97.91643392181396,153.2067347083008,207.97450564993287,1479.763119020343
ssp370,2048,531.5103658040365,2438.7334594726562,359.7594248453776,1128.9280169677736,72.67425709228516,98.21432298278809,154.3601220640137,208.60722201544192,1491.8953610472292
ssp370,2049,536.43646240234375,2456.9053344726562,360.85738881429035,1139.3910461425783,73.21577896728516,98.51406714630127,155.5103145265137,209.2438786187439,1504.145239287836
ssp370,2050,541.4179178873698,2475.0255533854165,361.9602533976237,1149.9716575927735,73.75576149088542,98.81514917755128,156.65723740664063,209.88337685311893,1516.512271852533
ssp370,2051,546.4559733072916,2493.1031087239585,363.06935119628906,1160.6724873046876,74.29447263997396,99.11793287658692,157.8014598873047,210.52648942987062,1529.000436621863
ssp370,2052,551.5452982584635,2511.2124633789062,364.1841303507487,1171.4822135009765,74.8341314086914,99.4222675857544,158.94769511206056,211.17289635214235,1541.6028049651793
ssp370,2053,556.6846364339193,2529.3813680013022,365.3027699788411,1182.3981677856448,75.37556476643881,99.72765620422363,160.09769956391605,211.82154177777102,1554.3174091273318
ssp370,2054,561.8753865559896,2547.6009114583335,366.42541249593097,1193.423321044922,75.91850716145834,100.03413761138916,161.25090921093752,212.47250828659057,1567.14673854245
ssp370,2055,567.11907958984375,2565.8792521158853,367.5522155761719,1204.5609250488283,76.46320171305338,100.34175485229491,162.4078404385254,213.1258873062744,1580.094652793628
ssp370,2056,572.4149424235026,2584.1954752604165,368.6839243570964,1215.8093377075195,77.00902516276042,100.65071134948731,163.56716944570314,213.78211090631106,1593.1586180595336
ssp370,2057,577.7663167317709,2602.5518188476562,369.8197301228841,1227.1756567382813,77.55604420166016,100.96078632354737,164.72903788432617,214.44071015121463,1606.345404773822
ssp370,2058,583.1734517415365,2620.9349975585938,370.96033732096356,1238.6604114990237,78.1038629272461,101.27217208862305,165.89260485747073,215.10209351623539,1619.6551098727298
ssp370,2059,588.6359049479166,2639.3400065104165,372.1040293375651,1250.262662109375,78.65233219401041,101.58440000915529,167.05755358007812,215.76526561944584,1633.085481308899
ssp370,2060,594.1565093994141,2657.772501627604,373.25269571940106,1261.9884259643554,79.2016205485026,101.89798593139649,168.22424204501954,216.43132211828615,1646.643990127661
ssp370,2061,599.7340342203776,2676.2168986002603,374.40431213378906,1273.835088684082,79.75126357828775,102.21237721252442,169.39168384028318,217.09908919940187,1660.325861723767
ssp370,2062,605.3696645100912,2694.7030232747397,375.56117757161456,1285.8051674194337,80.30215009358724,102.52820147705077,170.5617667987793,217.76989993725584,1674.1368341554687
ssp370,2063,611.06201171875,2713.2199503580728,376.7216491699219,1297.895712890625,80.85395452067057,102.84501022338868,171.7337994019043,218.44280171447758,1688.0723140070068
ssp370,2064,616.8118489583334,2731.7861124674478,377.8852844238281,1310.1083671875,81.40722615152995,103.16268264770508,172.90894834584964,219.1175379437256,1702.1348534770755
ssp370,2065,622.6216786702474,2750.3692423502603,379.05282338460285,1322.4484454956057,81.96100342203776,103.48142078399657,174.0851712684082,219.79453774520871,1716.3281545092227
ssp370,2066,628.4893900553385,2768.9845581054688,380.22354888916016,1334.911464477539,82.51573983154297,103.80102884674072,175.26343140219728,220.4733852704773,1730.6482811502137
ssp370,2067,634.4175821940104,2787.6158243815103,381.3991063435872,1347.502944580078,83.07095156656901,104.1219560317993,176.44270112739258,221.15503461154174,1745.1006803190126
ssp370,2068,640.4066823323568,2806.2591959635415,382.5766321818034,1360.2237932739258,83.62652403971354,104.44342058563232,177.62273706035157,221.83782532388307,1759.6843556581603
ssp370,2069,646.4569295247396,2824.9196573893228,383.7594451904297,1373.074518310547,84.18260579020182,104.7663285369873,178.80385469838868,222.52368181256105,1774.402054821497
ssp370,2070,652.5692698160807,2843.5687052408853,384.9447758992513,1386.0571290893554,84.73834741617839,105.0899238204956,179.9842499119629,223.21099819473267,1789.252377196051
ssp370,2071,658.7435709635416,2862.2318725585938,386.13345591227215,1399.1713447265624,85.2945098022461,105.4144334640503,181.16553881997072,223.90025667764286,1804.2371402241758
ssp370,2072,664.9798889160156,2880.917683919271,387.3260320027669,1412.4172840576173,85.85134698079429,105.74000673675536,182.34826098720708,224.5917743088684,1819.357319353693
ssp370,2073,671.2781778971354,2899.6568400065103,388.52149200439453,1425.7948498535156,86.409773832194,106.0663673171997,183.53435961958007,225.2849641817322,1834.614173654828
ssp370,2074,677.6386006673177,2918.4303181966147,389.72003682454425,1439.304387817383,86.96922348225912,106.39357005310059,184.7226306763184,225.97994279278566,1850.0069612864872
ssp370,2075,684.06207275390625,2937.2257690429688,390.9214045206706,1452.9478425292968,87.52932791748047,106.72154343414307,185.91229249672853,226.6765582541199,1865.5366932801453
ssp370,2076,690.5487416585287,2956.0604654947915,392.12489318847656,1466.725527282715,88.0906018717448,107.05009584045409,187.10443837558594,227.3744035651245,1881.2043692234254
ssp370,2077,697.1004180908203,2974.9015909830728,393.33258565266925,1480.6412880249025,88.65206741129558,107.37979588317872,188.2969911815918,228.0746864558716,1897.012965662366
ssp370,2078,703.7149810791016,2993.7655639648438,394.5428721110026,1494.6906198120118,89.21421380615236,107.71020408630372,189.49099012426763,228.77647347930912,1912.9580834155886
ssp370,2079,710.3948059082031,3012.6349080403647,395.75541432698566,1508.8785677490234,89.77652025960288,108.04122811126707,190.68532903139652,229.47956850833128,1929.0434652887513
ssp370,2080,717.1385548909506,3031.506795247396,396.97198486328125,1523.2022905883791,90.3389024983724,108.37335186767578,191.879828906543,230.18499936694337,1945.2671188618656
ssp370,2081,723.9501139322916,3050.3674112955728,398.19024149576825,1537.6700419921874,90.90094885660807,108.70593592834473,193.07361537143555,230.8914079118042,1961.6350652754272
ssp370,2082,730.8336588541666,3069.071044921875,399.4120585123698,1552.29069140625,91.45831713867189,109.03949197387696,194.2574656025391,231.5998809525147,1978.1480379613038
ssp370,2083,737.7970174153646,3087.5301310221353,400.6387125651042,1567.0808649902344,92.00839790445964,109.37436853027344,195.4258371490723,232.3111587583008,1994.8178608976075
ssp370,2084,744.8378448486328,3105.763631184896,401.8683090209961,1582.0355824584963,92.5517562093099,109.71004836273192,196.57993018857425,233.02414272244263,2011.639655369513
ssp370,2085,751.9582875569662,3123.77734375,403.1031138102214,1597.1594027709962,93.08856484375,110.04715007019043,197.72011172812503,233.7401467490845,2028.6196612482056
ssp370,2086,759.1583404541016,3141.58251953125,404.34051005045575,1612.4523151245119,93.61915908203126,110.38495924377442,198.84709389023442,234.45765343377687,2045.7570624485231
ssp370,2087,766.4364674886068,3159.179484049479,405.5823465983073,1627.911056945801,94.14354862467448,110.7239806213379,199.9608972788086,235.17773483972172,2063.0496890643312
ssp370,2088,773.7947031656901,3176.6009318033853,406.82782491048175,1643.5399495239258,94.66270776774088,111.06399620056152,201.06359129868164,235.89992792999269,2080.5034687526
ssp370,2089,781.2307891845703,3193.8404337565103,408.076421101888,1659.3341962280274,95.176444925944,111.40486296081544,202.15476902270507,236.623928928772,2098.1128941795046
ssp370,2090,788.7482248942057,3210.9139404296875,409.32911682128906,1675.301229675293,95.68523542480469,111.74684889221191,203.23544004228518,237.35030704705812,2115.8869767646365
ssp370,2091,796.3433125813802,3227.8271687825522,410.58579508463544,1691.4331959228518,96.18924962972007,112.08992205810547,204.30596621352544,238.07899445141604,2133.818156587793
ssp370,2092,804.0240529378256,3244.5960286458335,411.8462829589844,1707.7470884399415,96.68896165364583,112.43403524780274,205.36735455234376,238.80989086633303,2151.9243338586184
ssp370,2093,811.7912546793619,3261.2584431966147,413.10876719156903,1724.2446249389648,97.18550160725913,112.77869344329834,206.4220054138184,239.54194487356568,2170.208575226349
ssp370,2094,819.6447296142578,3277.7964070638022,414.3765818277995,1740.9254057006838,97.67833293050131,113.12480683898927,207.4687791443848,240.27708972601323,2188.671274571082
ssp370,2095,827.5851999918619,3294.2201131184897,415.64576721191406,1757.7909647827148,98.167759370931,113.47129444885253,208.50832090385745,241.0130294093628,2207.312315095935
ssp370,2096,835.6127014160156,3310.5533447265625,416.9196090698242,1774.8413778076174,98.65448967285157,113.81905327606201,209.54213606513673,241.75166915835572,2226.1351830311096
ssp370,2097,843.7271525065104,3326.7633056640625,418.19472249348956,1792.0764719238282,99.13754650878907,114.16715924072264,210.568148784668,242.4910462272949,2245.135666935791
ssp370,2098,851.9287414550781,3342.89111328125,419.4748051961263,1809.496646850586,99.61815517578125,114.51662181854248,211.5889615933594,243.23330474258424,2264.3189131865297
ssp370,2099,860.2180887858073,3358.9074910481772,420.75804646809894,1827.1032205810548,100.09544323323568,114.866946685791,212.6027214273926,243.97739476062011,2283.6833367690674
ssp370,2100,868.5954742431641,3374.8480631510415,422.0434799194336,1844.8967872924807,100.57047228190103,115.21787001800537,213.6116831267578,244.72275591824342,2303.231226337482
ssp585,2022,421.6142069498698,1924.7673238118489,333.8734537760417,895.5085755615236,57.358066249593094,91.14745288085938,121.82853271413573,193.59718991894533,1210.9342981946047
ssp585,2023,425.00986735026044,1934.2128804524739,334.709955851237,902.7209582519532,57.63954383748372,91.37581794738769,122.42639111081543,194.08223732025147,1219.22958668302
ssp585,2024,428.5181605021159,1944.4560852050781,335.5524164835612,910.1725729064942,57.944791339111326,91.60580970001222,123.07473680427246,194.57073980282595,1227.8180495135928
ssp585,2025,432.13743082682294,1955.4358418782551,336.39979553222656,917.8599030761719,58.271988087972005,91.83714418029784,123.76970269885254,195.06209423895262,1236.691700013977
ssp585,2026,435.8664855957031,1967.1013997395833,337.25228627522785,925.7804154052735,58.61962171223958,92.0698741531372,124.50807651679688,195.55641270126344,1245.8449046233338
ssp585,2027,439.7035319010417,1979.4021809895833,338.1107457478841,933.9303017578126,58.98618499348958,92.30423358917236,125.28665692617187,196.0541921434021,1255.2711508273867
ssp585,2028,443.64966583251953,1992.2664794921875,338.97413635253906,942.3118902282715,59.369541088867194,92.53993922424316,126.10090527275393,196.5548309122925,1264.967626413318
ssp585,2029,447.7047119140625,2005.6618347167969,339.84258524576825,950.9248081054689,59.76872267456055,92.77702577209473,126.94876696076662,197.05840273992922,1274.9319778061647
ssp585,2030,451.86773681640625,2019.5351460774739,340.71595255533856,959.767072998047,60.182147353108725,93.01545504760742,127.82688097800293,197.56482652111816,1285.1587804971682
ssp585,2031,456.1412760416667,2033.8668721516926,341.59448496500653,968.8440703125001,60.609232790120444,93.25529439544678,128.73401044621582,198.074245295929,1295.6523260546448
ssp585,2032,460.5371322631836,2049.149871826172,342.4776128133138,978.180868927002,61.06466618041993,93.49638829803466,129.70135096721194,198.58632874502564,1306.4685486392395
ssp585,2033,465.06617228190106,2065.7691650390625,343.3618698120117,987.8005499267579,61.55992111816406,93.7377904586792,130.75327245498048,199.09906693423463,1317.652889315973
ssp585,2034,469.7261428833008,2083.5956013997397,344.2501042683919,997.6983274841309,62.09114892171225,93.980278465271,131.88160030971682,199.61411146023562,1329.1940392540832
ssp585,2035,474.5181198120117,2102.535603841146,345.1403096516927,1007.876486480713,62.65556099446615,94.2233045349121,133.08041155224612,200.13029883215333,1341.0871968651124
ssp585,2036,479.8129554161659,2123.73779296875,346.0791672926683,1019.1227173039364,63.28738623046875,94.47961267089845,134.42240835351564,200.67469731298831,1354.2198229704404
ssp585,2037,484.9294789632161,2145.1782430013022,347.0033416748047,1029.9902133178712,63.92631164143881,94.73191227722168,135.77948592641604,201.21058167681886,1366.9802809211062
ssp585,2038,490.1317545572917,2167.0058797200522,347.90086619059247,1041.0398466796876,64.57677521565756,94.97693647003175,137.16107055805668,201.73101306234744,1379.9319303000918
ssp585,2039,495.4696044921875,2189.5967000325522,348.80118052164715,1052.3774399414062,65.24998166097006,95.22272228240968,138.59096104790044,202.25306212783818,1393.2214631171448
ssp585,2040,500.9442850748698,2212.9093017578125,349.7037302652995,1064.0056614990235,65.9446971923828,95.46911836242676,140.06653683662108,202.77640740179444,1406.848605737439
ssp585,2041,506.5567906697591,2236.8356323242188,350.60877227783203,1075.9266233825683,66.65770184326172,95.71619483184814,141.5809587150879,203.30119782284547,1420.8087799205018
ssp585,2042,512.3158289591471,2260.9338175455728,351.5081253051758,1088.1588207092284,67.37582776285807,95.96171820831299,143.10625816831055,203.8226894744568,1435.087768351996
ssp585,2043,518.2273610432943,2284.925089518229,352.39649963378906,1100.7149148559572,68.09076766764323,96.20424440002441,144.62479052607424,204.33781510565186,1449.6775204876833
ssp585,2044,524.2919006347656,2308.8310343424478,353.2758153279622,1113.5959969482421,68.80316482340494,96.44429758453369,146.1379220849121,204.84768806954955,1464.5816071027039
ssp585,2045,530.5108235677084,2332.646036783854,354.14403025309247,1126.8049892578126,69.51285189615885,96.68132025909425,147.6452974274414,205.3511242303162,1479.8014109155702
ssp585,2046,536.8858184814453,2356.3697509765625,355.00240325927734,1140.34547845459,70.21981857910157,96.91565608978271,149.14689466201173,205.8488535346985,1495.3412266513003
ssp585,2047,543.4169718424479,2379.9941202799478,355.85071818033856,1154.2176481933593,70.92382478434244,97.14724606323243,150.64220384194337,206.34075063830568,1511.2006026736085
ssp585,2048,550.1064860026041,2403.5430297851562,356.68906656901044,1168.4261762695312,71.62558228759765,97.37611517333985,152.1327367788574,206.82686862817386,1527.3857816765624
ssp585,2049,556.9564107259115,2426.9896647135415,357.5173823038737,1182.975416381836,72.32429200846353,97.60224536895753,153.61679622597654,207.3071691636658,1543.8993817714784
ssp585,2050,563.9669698079427,2450.3627115885415,358.33578236897785,1197.8658438720704,73.02080880533855,97.82566858673096,155.09619790253907,207.78172007821655,1560.743761852826
ssp585,2051,571.141591389974,2473.5691935221353,359.14544677734375,1213.1047401123049,73.71236196695963,98.04670697021484,156.56505681782227,208.25120560473633,1577.9210025348634
ssp585,2052,578.5020345052084,2495.5687459309897,359.9485499064128,1228.7383212890627,74.3679486287435,98.26595412445069,157.9575228874512,208.71688656033328,1595.4127307368472
ssp585,2053,586.0610860188802,2515.666951497396,360.7481943766276,1244.7937467041017,74.9668751546224,98.48425706481935,159.22964282841798,209.1805620056763,1613.2039515381962
ssp585,2054,593.8170115152994,2534.073282877604,361.54565175374347,1261.2673324584962,75.5153838297526,98.70196292877198,160.3946752543945,209.64296926071168,1631.3049769736024
ssp585,2055,601.7722829182943,2550.858601888021,362.33905537923175,1278.1643289184572,76.01558633626303,98.91856211853028,161.45710537822268,210.1030259397583,1649.724460236438
ssp585,2056,609.9263509114584,2566.1478068033853,363.12949625651044,1295.4835693359375,76.47120464274089,99.13435247802734,162.42483866118164,210.56136466333007,1668.4697726604493
ssp585,2057,618.2797190348307,2580.0516153971353,363.9158452351888,1313.2261232299804,76.88553813883463,99.34902574920653,163.30488300688478,211.0173306913147,1687.54833692818
ssp585,2058,626.8343048095703,2592.6495971679688,364.6995340983073,1331.3960634155274,77.26095799560547,99.5629728088379,164.10227478266603,211.4717542459717,1706.970092444165
ssp585,2059,635.5911458333334,2604.0318603515625,365.4810078938802,1349.9955937500001,77.60014943847656,99.7763151550293,164.82271740732423,211.92489338928223,1726.7432045466066
ssp585,2060,644.5521799723307,2614.278076171875,366.2582829793294,1369.0288302612305,77.90548666992188,99.98851125335692,165.47125368691408,212.3755979021301,1746.8756818502745
ssp585,2061,653.7171885172526,2623.4797566731772,367.0316696166992,1388.4953084106446,78.17969674886068,100.19964580535888,166.0536758945801,212.8240476905823,1767.373031995807
ssp585,2062,663.0860087076823,2631.72607421875,367.8008575439453,1408.3946824951172,78.42543701171874,100.40963410949708,166.57562821289062,213.2700628485718,1788.2403735565797
ssp585,2063,672.6580810546875,2639.0927734375,368.5635630289714,1428.7257641601564,78.64496464843751,100.61785270690918,167.0419049132813,213.7123191494751,1809.4799882229127
ssp585,2064,682.4364064534506,2645.642293294271,369.31841532389325,1449.494927307129,78.84014034016928,100.82392738342286,167.45645808251956,214.15002176239017,1831.1014071520387
ssp585,2065,692.4210459391276,2651.450480143229,370.06737263997394,1470.702301574707,79.01322430826822,101.02839273071288,167.82408843076172,214.58430616003417,1853.110696165503
ssp585,2066,702.6161244710287,2656.5450032552085,370.8092269897461,1492.356648376465,79.16504109700521,101.23091896820068,168.14654729003908,215.01447188845827,1875.5176675549624
ssp585,2067,713.0211588541666,2660.9902547200522,371.5453109741211,1514.45694140625,79.29750959065755,101.43186989593505,168.42791037055665,215.44129165896607,1898.3261434357728
ssp585,2068,723.6388142903646,2664.8327433268228,372.2751948038737,1537.0088415527346,79.41201575113932,101.63112818145753,168.67112145541992,215.8645162574158,1921.5444792655703
ssp585,2069,734.4717763264974,2668.1085205078125,372.99799092610675,1560.0180529174806,79.50963391113281,101.82845152282714,168.8784624272461,216.28363103448484,1945.1801463792117
ssp585,2070,745.5221811930338,2670.8595987955728,373.7139256795247,1583.489112854004,79.59161604410806,102.02390171051024,169.05259247768555,216.69876723312376,1969.2404725648132
ssp585,2071,756.7880808512369,2673.1046142578125,374.4239273071289,1607.4178837280274,79.65851750488281,102.21773215484619,169.1946911803711,217.1104630968933,1993.7230380052918
ssp585,2072,768.2485402425131,2674.431884765625,375.1280263264974,1631.7598994750979,79.69807016601563,102.40995118713379,169.2787010326172,217.51873632147218,2018.5573368291873
ssp585,2073,779.8849792480469,2674.6025390625,375.82712809244794,1656.4756959228516,79.7031556640625,102.6008059692383,169.28950263046877,217.92411187866216,2043.6893104319827
ssp585,2074,791.7047475179037,2673.7361653645835,376.52017466227215,1681.5808837280274,79.6773377278646,102.79000768280031,169.23466533398442,218.32597631826786,2069.1415253802797
ssp585,2075,803.7071380615234,2671.8996785481772,377.2083053588867,1707.073961242676,79.6226104207357,102.97786736297607,169.11842453364264,218.72499027896117,2094.91737605528
ssp585,2076,815.8953501383463,2669.1876424153647,377.89031473795575,1732.9617236938477,79.54179174397788,103.16405592346192,168.94676566420904,219.12045478143312,2121.02894413949
ssp585,2077,828.2717030843099,2665.642049153646,378.5675786336263,1759.2490973510744,79.43613306477866,103.34894896697998,168.72234662958988,219.51316760586548,2147.48461158653
ssp585,2078,840.8373972574869,2661.342569986979,379.23960367838544,1785.9386317749024,79.30800858561197,103.53241180419923,168.45021023583985,219.90284267211916,2174.2916846828616
ssp585,2079,853.5940806070963,2656.360799153646,379.9056650797526,1813.0338272094727,79.15955181477865,103.71424656677246,168.13488805458988,220.28905970782472,2201.4577749718874
ssp585,2080,866.5441538492838,2650.7402954101562,380.5669199625651,1840.5397827758788,78.99206080322266,103.89476914978029,167.77913714604495,220.67248967413335,2228.991409596057
ssp585,2081,879.6822052001953,2644.5031127929688,381.2228240966797,1868.4450038452148,78.80619276123046,104.07383097839356,167.38435342485351,221.05281699810794,2256.882174268176
ssp585,2082,892.92132568359375,2637.3318888346353,381.87029520670575,1896.5648957519531,78.59249028727213,104.25059059143067,166.930449370166,221.42825441619874,2284.923599538318
ssp585,2083,906.1995391845703,2629.013224283854,382.5088144938151,1924.7678212280275,78.34459408365886,104.42490635681153,166.40391783369142,221.79850110186771,2312.970240163587
ssp585,2084,919.5285949707031,2619.6714477539062,383.1383234659831,1953.0787357177735,78.0662091430664,104.59676230621338,165.81262821987303,222.16352313839724,2341.0548870760435
ssp585,2085,932.9063873291016,2609.387898763021,383.7587178548177,1981.4931666870118,77.75975938313802,104.76612997436523,165.16172892978517,222.52326006555177,2369.178155682349
ssp585,2086,946.3364461263021,2598.2390950520835,384.3691940307617,2010.0186115722659,77.4275250325521,104.93278997039795,164.45606316914066,222.87724589712525,2397.3519206385317
ssp585,2087,959.8202616373698,2586.303181966146,384.97178904215497,2038.6582357177736,77.07183482259116,105.09729840850831,163.70057716318362,223.22666181967165,2425.5854747006288
ssp585,2088,973.3584543863932,2573.6583862304688,385.5641403198242,2067.4133571166994,76.69501990966798,105.25901030731201,162.90022228813478,223.5701378927307,2453.883717297565
ssp585,2089,986.9525807698568,2560.3528645833335,386.14882405598956,2096.287281555176,76.29851536458334,105.41862896728514,162.05804663437502,223.90916792651365,2482.2544961160647
ssp585,2090,1000.6023305257162,2546.45458984375,386.72310638427734,2125.2793500366215,75.88434677734375,105.57540804290772,161.17835255507813,224.24216668313602,2510.6998692748357
ssp585,2091,1014.3087565104166,2532.043701171875,387.2898915608724,2154.391798828125,75.45490229492188,105.73014039611816,160.2662124744141,224.570818201355,2539.2288295038943
ssp585,2092,1028.0277404785156,2517.6459147135415,387.8457972208659,2183.530920776367,75.02584825846354,105.88190264129639,159.35490170097657,224.89316121011356,2567.778983687457
ssp585,2093,1041.7357076009114,2503.6191609700522,388.38988494873047,2212.646642944336,74.60785099690756,106.03043859100342,158.46707551743165,225.20865156729127,2596.3223700290587
ssp585,2094,1055.4351196289062,2489.8960978190103,388.9218063354492,2241.744194091797,74.19890371500651,106.17565312957764,157.59847149067383,225.51708724722292,2624.859752829694
ssp585,2095,1069.1337992350261,2476.4886881510415,389.44193267822266,2270.8401895751954,73.79936290690104,106.31764762115478,156.7498468142578,225.81868354733277,2653.4087199367864
ssp585,2096,1082.8104248046875,2463.3398640950522,389.95111083984375,2299.8893422851565,73.40752795003256,106.45665325927735,155.91758936586916,226.1139315227051,2681.9208631737306
ssp585,2097,1096.4927876790364,2450.4788208007812,390.44927978515625,2328.9506810302732,73.02426885986328,106.59265338134766,155.10354705834962,226.40279578198243,2710.4570238706056
ssp585,2098,1110.1694437662761,2437.8550821940103,390.9363708496094,2357.9998985595707,72.64808144938151,106.72562924194335,154.30452499848633,226.6852365098877,2738.9896600679444
ssp585,2099,1123.8275146484375,2425.4766235351562,391.4113591512044,2387.0096411132813,72.27920338134766,106.8553010482788,153.52102798198243,226.9606594265442,2767.491328521808
ssp585,2100,1137.4886678059895,2413.3101196289062,391.87569936116535,2416.0259304199217,71.91664156494141,106.98206592559814,152.75094668393558,227.22990802597045,2796.0067851298277
