scenario,year,ensemble_mean,sd,n_models
historical,1850,13.675716666666666,0.6078115403196551,35
historical,1851,13.681835714285715,0.6332681495370033,35
historical,1852,13.698804761904762,0.6250016411556418,35
historical,1853,13.709892857142858,0.6189865909236085,35
historical,1854,13.699916666666667,0.6605221604986498,35
historical,1855,13.691657142857142,0.6519818557171716,35
historical,1856,13.697761904761904,0.6270231047693265,35
historical,1857,13.680714285714286,0.6579016834730805,35
historical,1858,13.668795238095239,0.6356003528594747,35
historical,1859,13.692295238095237,0.63863946683877,35
historical,1860,13.677066666666667,0.6404314166467042,35
historical,1861,13.66470238095238,0.6549931014472676,35
historical,1862,13.602988095238095,0.656572326115792,35
historical,1863,13.6313,0.6955572098609448,35
historical,1864,13.671954761904763,0.6774206735337398,35
historical,1865,13.67617380952381,0.6519685275655883,35
historical,1866,13.697909523809523,0.6481642826037475,35
historical,1867,13.712707142857143,0.6389947669920549,35
historical,1868,13.704347619047619,0.6737289620097242,35
historical,1869,13.704640476190477,0.6984432358799809,35
historical,1870,13.696811904761905,0.6537173820400008,35
historical,1871,13.743495238095239,0.6644275021504695,35
historical,1872,13.730319047619048,0.6730714732650976,35
historical,1873,13.71542619047619,0.6564929534002216,35
historical,1874,13.695138095238095,0.6870704103300964,35
historical,1875,13.69512142857143,0.6841111610066832,35
historical,1876,13.701283333333333,0.6855744860324754,35
historical,1877,13.715659523809524,0.668474002167097,35
historical,1878,13.722480952380952,0.6740046877218002,35
historical,1879,13.703469047619048,0.6692360722332227,35
historical,1880,13.72367380952381,0.6460181356001368,35
historical,1881,13.720080952380952,0.6745867094362932,35
historical,1882,13.716061904761904,0.6664198318604565,35
historical,1883,13.69507619047619,0.6674480174158739,35
historical,1884,13.39795238095238,0.6680980565670049,35
historical,1885,13.439611904761906,0.6616879247038439,35
historical,1886,13.535921428571429,0.6395247881306245,35
historical,1887,13.577392857142858,0.6450074392118711,35
historical,1888,13.653290476190476,0.6715733789068047,35
historical,1889,13.642288095238095,0.6646008674750226,35
historical,1890,13.643704761904761,0.6481335001720594,35
historical,1891,13.62787619047619,0.6548713250384456,35
historical,1892,13.656866666666668,0.6470343428672648,35
historical,1893,13.664214285714285,0.6649626455445858,35
historical,1894,13.69992380952381,0.6480574030277314,35
historical,1895,13.70534761904762,0.6493863485567559,35
historical,1896,13.70802142857143,0.6519856796962221,35
historical,1897,13.733295238095238,0.6544725076058975,35
historical,1898,13.74677619047619,0.6743664894401501,35
historical,1899,13.748845238095239,0.6592917570949826,35
historical,1900,13.759366666666667,0.6566340305540821,35
historical,1901,13.739791666666667,0.7705244049039796,20
historical,1902,13.712554166666667,0.75928649432489,20
historical,1903,13.549204166666668,0.6940852716938387,20
historical,1904,13.560495833333334,0.7313534809446882,20
historical,1905,13.583804166666667,0.7366578194053752,20
historical,1906,13.6233875,0.739211217369727,20
historical,1907,13.665425,0.7456284168659424,20
historical,1908,13.686529166666666,0.7687178216890188,20
historical,1909,13.654466666666666,0.7767512384306245,20
historical,1910,13.68695,0.7660198498603785,20
historical,1911,13.725116666666667,0.7655998849085139,20
historical,1912,13.647570833333333,0.7635344858090802,20
historical,1913,13.592895833333333,0.7273542055006643,20
historical,1914,13.630904166666667,0.7459585934582695,20
historical,1915,13.690654166666667,0.7367238200595451,20
historical,1916,13.691929166666666,0.7823218713770832,20
historical,1917,13.707158333333334,0.7804399184441873,20
historical,1918,13.728295833333334,0.7696603291563406,20
historical,1919,13.740295833333333,0.7035383418454443,20
historical,1920,13.736879166666666,0.6983419845562818,20
historical,1921,13.787745833333334,0.7506820108017604,20
historical,1922,13.723445833333333,0.7594022648824704,20
historical,1923,13.7356,0.7412756595955191,20
historical,1924,13.782187500000001,0.7183894429357179,20
historical,1925,13.780666666666667,0.7251028481194077,20
historical,1926,13.776258333333333,0.727605103790101,20
historical,1927,13.7945875,0.7485212632167327,20
historical,1928,13.8117875,0.7376662175039855,20
historical,1929,13.8144625,0.6939372514665526,20
historical,1930,13.779716666666667,0.7096955911964953,20
historical,1931,13.7419625,0.7217462135948134,20
historical,1932,13.7771,0.7513728651316472,20
historical,1933,13.757033333333334,0.7027702573737188,20
historical,1934,13.798504166666666,0.7159811763851516,20
historical,1935,13.8061875,0.7308037051521982,20
historical,1936,13.787708333333333,0.7164497302733611,20
historical,1937,13.794470833333333,0.7352618279296025,20
historical,1938,13.841583333333332,0.7509041114876938,20
historical,1939,13.815341666666667,0.7137579660763355,20
historical,1940,13.8433625,0.7368279916209148,20
historical,1941,13.8758,0.7193629107539677,20
historical,1942,13.867275,0.6873665591391589,20
historical,1943,13.846866666666667,0.7384471078827183,20
historical,1944,13.890970833333334,0.78948197367054,20
historical,1945,13.8786375,0.7700305940013678,20
historical,1946,13.8639125,0.7050481586735593,20
historical,1947,13.848508333333333,0.6937343127671618,20
historical,1948,13.890770833333333,0.7071407627821761,20
historical,1949,13.903166666666667,0.7238694467078941,20
historical,1950,13.91442619047619,0.6314660662937364,35
historical,1951,13.934864285714285,0.630145312141651,35
historical,1952,13.933959523809524,0.6399578884644962,35
historical,1953,13.931666666666667,0.6377188048829256,35
historical,1954,13.926661904761906,0.6283425279996551,35
historical,1955,13.946061904761905,0.6460825576504806,35
historical,1956,13.906564285714285,0.6614457560439925,35
historical,1957,13.928426190476191,0.6393593021991546,35
historical,1958,13.940238095238096,0.6212556055502739,35
historical,1959,13.930385714285714,0.619008796834011,35
historical,1960,13.944845238095239,0.585103628587114,35
historical,1961,13.96015,0.6206706418624411,35
historical,1962,13.913888095238095,0.6335321211320457,35
historical,1963,13.821188095238096,0.6385969990397227,35
historical,1964,13.741407142857144,0.6093028899923539,35
historical,1965,13.754411904761906,0.6266734560225072,35
historical,1966,13.812640476190476,0.622821928585443,35
historical,1967,13.775880952380952,0.5910986441727447,35
historical,1968,13.823833333333333,0.6309224349098305,35
historical,1969,13.857740476190477,0.6074529291896936,35
historical,1970,13.880828571428571,0.6425375189138385,35
historical,1971,13.883133333333333,0.6286963445316432,35
historical,1972,13.862688095238095,0.583050667278507,35
historical,1973,13.897661904761906,0.6110758422861085,35
historical,1974,13.923842857142857,0.6157950934595463,35
historical,1975,13.893002380952382,0.6191119105593528,35
historical,1976,13.913833333333333,0.6052582090244651,35
historical,1977,13.95765238095238,0.6084848020151201,35
historical,1978,13.956316666666666,0.6256700854942268,35
historical,1979,13.991742857142857,0.6203336064086507,35
historical,1980,14.016980952380953,0.6089832336566282,35
historical,1981,14.036966666666666,0.6308526391870615,35
historical,1982,14.01192619047619,0.6164644040220304,35
historical,1983,13.895726190476191,0.6636825001593311,35
historical,1984,13.96329761904762,0.6781001891595974,35
historical,1985,14.018871428571428,0.6565601272632624,35
historical,1986,14.051735714285714,0.6289268850595435,35
historical,1987,14.090826190476191,0.5911965642683554,35
historical,1988,14.143295238095238,0.5924372730725819,35
historical,1989,14.187011904761905,0.5901140527373462,35
historical,1990,14.258042857142858,0.5967752144702189,35
historical,1991,14.240745238095238,0.6028336396017402,35
historical,1992,13.937511904761905,0.5975344604547138,35
historical,1993,13.98265,0.5875304145930621,35
historical,1994,14.109333333333334,0.6020115948848634,35
historical,1995,14.166040476190476,0.5920904338452646,35
historical,1996,14.236973809523809,0.5743060193920112,35
historical,1997,14.30982619047619,0.5945241421721945,35
historical,1998,14.323642857142858,0.5796025065447044,35
historical,1999,14.342269047619048,0.6078230464828294,35
historical,2000,14.408766666666667,0.6009349332797584,35
historical,2001,14.472559523809524,0.6125026315707868,35
historical,2002,14.47082619047619,0.6268441845368552,35
historical,2003,14.52867619047619,0.6048810130424901,35
historical,2004,14.55085,0.6154654655603233,35
historical,2005,14.561640476190476,0.5994248815590821,35
historical,2006,14.553388095238095,0.5808180449020561,35
historical,2007,14.57737619047619,0.5863989276572816,35
historical,2008,14.613783333333334,0.613541681297646,35
historical,2009,14.638040476190476,0.6107023397551757,35
historical,2010,14.67452619047619,0.598534885618252,35
historical,2011,14.687421428571428,0.5910332452187285,35
historical,2012,14.728983333333334,0.5707541353389706,35
historical,2013,14.74490238095238,0.6156871222880611,35
historical,2014,14.771416666666667,0.6235203550566211,35
ssp126,2015,14.838252604166666,0.5866083947738595,32
ssp126,2016,14.85071875,0.5511873294173361,32
ssp126,2017,14.879125,0.5773887451213711,32
ssp126,2018,14.918674479166667,0.5894767443676278,32
ssp126,2019,14.997296875,0.6223030337642694,32
ssp126,2020,15.018028645833333,0.5851175224328558,32
ssp126,2021,15.042901041666667,0.5589298123577319,32
ssp126,2022,15.072869791666667,0.5686668730608464,32
ssp126,2023,15.091674479166667,0.580543220369135,32
ssp126,2024,15.134606770833333,0.5992537026210241,32
ssp126,2025,15.171494791666667,0.5880358118443338,32
ssp126,2026,15.1730625,0.5785897041072583,32
ssp126,2027,15.1947578125,0.5954636447525092,32
ssp126,2028,15.229674479166667,0.6198127580162577,32
ssp126,2029,15.22971875,0.6449112507883307,32
ssp126,2030,15.243239583333333,0.6270819934433581,32
ssp126,2031,15.259205729166666,0.5980972221799558,32
ssp126,2032,15.2726015625,0.594405966731501,32
ssp126,2033,15.3030859375,0.6413371491865189,32
ssp126,2034,15.306768229166666,0.6381625044214454,32
ssp126,2035,15.3435859375,0.6385080074481736,32
ssp126,2036,15.3979453125,0.6307507153216333,32
ssp126,2037,15.424583333333333,0.6537492963461743,32
ssp126,2038,15.429872395833334,0.6546757795558694,32
ssp126,2039,15.442231770833333,0.6272787232603907,32
ssp126,2040,15.416005208333333,0.6388069868586705,32
ssp126,2041,15.44221875,0.6070908381208588,32
ssp126,2042,15.4918125,0.6413944241632216,32
ssp126,2043,15.5301953125,0.651876942881181,32
ssp126,2044,15.494447916666667,0.6396113714039263,32
ssp126,2045,15.50153125,0.6356697741091282,32
ssp126,2046,15.5683359375,0.6755754010684831,32
ssp126,2047,15.553263020833333,0.6756999809136515,32
ssp126,2048,15.5786171875,0.6420641601037113,32
ssp126,2049,15.595682291666666,0.6726941950356954,32
ssp126,2050,15.592489583333334,0.6888362178438653,32
ssp126,2051,15.591770833333333,0.6611684366429655,32
ssp126,2052,15.586880208333334,0.6675024129530643,32
ssp126,2053,15.583528645833333,0.675883176572236,32
ssp126,2054,15.574125,0.6864828934451546,32
ssp126,2055,15.599703125,0.6997519260684562,32
ssp126,2056,15.6338828125,0.691942548574948,32
ssp126,2057,15.64040625,0.6899701780962613,32
ssp126,2058,15.651661458333333,0.6881874662991774,32
ssp126,2059,15.659734375,0.7020057408824052,32
ssp126,2060,15.6630703125,0.714209515567985,32
ssp126,2061,15.6500390625,0.6709746064375605,32
ssp126,2062,15.6432734375,0.66464283508008,32
ssp126,2063,15.659393229166668,0.6921246991108925,32
ssp126,2064,15.665661458333332,0.6866093872711354,32
ssp126,2065,15.634130208333334,0.6874291220999196,32
ssp126,2066,15.676692708333333,0.6897421250878792,32
ssp126,2067,15.704,0.7062679943468413,32
ssp126,2068,15.708875,0.6796634860731267,32
ssp126,2069,15.701903645833333,0.7105867382619843,32
ssp126,2070,15.698765625,0.6779369725324607,32
ssp126,2071,15.691976562499999,0.7026102393236934,32
ssp126,2072,15.686205729166666,0.6984489081050548,32
ssp126,2073,15.709216145833333,0.716006817968835,32
ssp126,2074,15.7103046875,0.7420860622861244,32
ssp126,2075,15.659955729166667,0.7120213137592721,32
ssp126,2076,15.7049765625,0.675563861871706,32
ssp126,2077,15.724502604166666,0.7078680535386508,32
ssp126,2078,15.711638020833334,0.7105651808026304,32
ssp126,2079,15.724677083333333,0.6982232535554479,32
ssp126,2080,15.714557291666667,0.6989546394506819,32
ssp126,2081,15.732744791666667,0.6824958646458869,32
ssp126,2082,15.723760416666666,0.7052789039275658,32
ssp126,2083,15.702169270833334,0.7152957319095239,32
ssp126,2084,15.705390625,0.734790106827841,32
ssp126,2085,15.710372395833334,0.7400429877033591,32
ssp126,2086,15.724046875,0.7409767822394144,32
ssp126,2087,15.684026041666666,0.742202291618308,32
ssp126,2088,15.659682291666666,0.7316534113593121,32
ssp126,2089,15.660091145833333,0.707083455262399,32
ssp126,2090,15.6732734375,0.7012161469778246,32
ssp126,2091,15.6889375,0.7204651060849661,32
ssp126,2092,15.678671875,0.7535825534382746,32
ssp126,2093,15.66990625,0.727934510324716,32
ssp126,2094,15.6765859375,0.7094222498148939,32
ssp126,2095,15.659802083333334,0.741127481231387,32
ssp126,2096,15.647908854166667,0.7676034346373806,32
ssp126,2097,15.6548203125,0.7514357449658908,32
ssp126,2098,15.669934895833334,0.7190858982088694,32
ssp126,2099,15.6846796875,0.7620469004881699,32
ssp126,2100,15.703861111111111,0.7897140588212113,30
ssp245,2015,14.807593137254901,0.6183829572387385,34
ssp245,2016,14.821237745098038,0.5955535392837046,34
ssp245,2017,14.853857843137256,0.6052287747219525,34
ssp245,2018,14.894884803921569,0.6076937945230413,34
ssp245,2019,14.903683823529413,0.5978117605078007,34
ssp245,2020,14.903117647058824,0.6082312561783351,34
ssp245,2021,14.95510294117647,0.5868144736249558,34
ssp245,2022,15.030955882352941,0.6219215583675561,34
ssp245,2023,15.032688725490196,0.633407094425081,34
ssp245,2024,15.089066176470588,0.5969033127081594,34
ssp245,2025,15.096671568627452,0.5837230508927951,34
ssp245,2026,15.119524509803922,0.5828291491869708,34
ssp245,2027,15.134634803921568,0.6179310723627469,34
ssp245,2028,15.194950980392157,0.658016430604235,34
ssp245,2029,15.244752450980393,0.6354727032702151,34
ssp245,2030,15.20281862745098,0.5833347606297791,34
ssp245,2031,15.240257352941176,0.5779821490607198,34
ssp245,2032,15.280485294117646,0.6045010271128995,34
ssp245,2033,15.29896568627451,0.6450615639966554,34
ssp245,2034,15.339264705882353,0.6315960797393908,34
ssp245,2035,15.351301470588234,0.631259279364642,34
ssp245,2036,15.373107843137255,0.5864143380718254,34
ssp245,2037,15.431419117647058,0.5948505037715318,34
ssp245,2038,15.463720588235294,0.6410477356994835,34
ssp245,2039,15.461830882352942,0.6348956197798942,34
ssp245,2040,15.488450980392157,0.6158676307468215,34
ssp245,2041,15.500928921568628,0.6057176070580648,34
ssp245,2042,15.519289215686275,0.6577096352681924,34
ssp245,2043,15.554436274509804,0.6659153920493142,34
ssp245,2044,15.596075980392158,0.6664217029010195,34
ssp245,2045,15.601664215686274,0.6322561005790296,34
ssp245,2046,15.682718137254902,0.6501655092360169,34
ssp245,2047,15.709303921568628,0.6501686520009721,34
ssp245,2048,15.762286764705882,0.6617516159851162,34
ssp245,2049,15.786997549019608,0.649976298287531,34
ssp245,2050,15.77543137254902,0.6211401138414544,34
ssp245,2051,15.807678921568627,0.6626559546228484,34
ssp245,2052,15.840953431372549,0.6556406366606106,34
ssp245,2053,15.831625,0.6613050439973447,34
ssp245,2054,15.856473039215686,0.6354283907580712,34
ssp245,2055,15.902345588235294,0.6713114781120085,34
ssp245,2056,15.92118137254902,0.7196633985305843,34
ssp245,2057,15.974916666666667,0.7097864411832212,34
ssp245,2058,15.971571078431372,0.6876221480508374,34
ssp245,2059,16.025446078431372,0.7056808696921543,34
ssp245,2060,16.041085784313726,0.6961516780661251,34
ssp245,2061,16.030509803921568,0.6940534827042021,34
ssp245,2062,16.05848529411765,0.6878974570336374,34
ssp245,2063,16.078414215686273,0.6860647735605919,34
ssp245,2064,16.086477941176472,0.7141562665900052,34
ssp245,2065,16.127269607843136,0.7345037182655849,34
ssp245,2066,16.146066176470587,0.7086930408051223,34
ssp245,2067,16.152264705882352,0.6863844614980279,34
ssp245,2068,16.18999754901961,0.6938135442689067,34
ssp245,2069,16.21308088235294,0.7134137638401518,34
ssp245,2070,16.244345588235294,0.7187660922316099,34
ssp245,2071,16.264997549019608,0.7052726424612316,34
ssp245,2072,16.290838235294117,0.6840382921125487,34
ssp245,2073,16.320338235294116,0.716272618337429,34
ssp245,2074,16.298338235294118,0.7272434796400352,34
ssp245,2075,16.284808823529414,0.6995064086275634,34
ssp245,2076,16.341017156862744,0.7180252690150932,34
ssp245,2077,16.40125245098039,0.721681156538374,34
ssp245,2078,16.38947549019608,0.6962892782897064,34
ssp245,2079,16.403737745098038,0.7334344762471698,34
ssp245,2080,16.43166666666667,0.7360062790799532,34
ssp245,2081,16.4335,0.7633149015241935,34
ssp245,2082,16.47183823529412,0.7376867383117082,34
ssp245,2083,16.482779411764707,0.7385588107617784,34
ssp245,2084,16.513590686274508,0.7058040184387557,34
ssp245,2085,16.52455882352941,0.7098858519379995,34
ssp245,2086,16.542571078431372,0.7343806748852598,34
ssp245,2087,16.558056372549018,0.7563168791477216,34
ssp245,2088,16.557928921568628,0.7294221956684749,34
ssp245,2089,16.575039215686274,0.7423628327413285,34
ssp245,2090,16.601855392156864,0.7724676707270852,34
ssp245,2091,16.643615196078432,0.7892059004398139,34
ssp245,2092,16.645558823529413,0.7708150051136382,34
ssp245,2093,16.637338235294116,0.7875876790859351,34
ssp245,2094,16.64125,0.7729384370317451,34
ssp245,2095,16.69090931372549,0.7627513650829333,34
ssp245,2096,16.69406617647059,0.7673274164034534,34
ssp245,2097,16.6780931372549,0.7710354391790266,34
ssp245,2098,16.70344362745098,0.7704948442508114,34
ssp245,2099,16.672362745098038,0.8186136050531377,34
ssp245,2100,16.74528125,0.8246656196887288,32
ssp370,2015,14.838669444444445,0.5906455911220714,30
ssp370,2016,14.879563888888889,0.5774561131270527,30
ssp370,2017,14.940505555555555,0.5669379429832908,30
ssp370,2018,14.978466666666666,0.591988687097432,30
ssp370,2019,14.967936111111111,0.5930227932999234,30
ssp370,2020,14.954566666666667,0.5881277413403485,30
ssp370,2021,15.007925,0.6028021167266057,30
ssp370,2022,15.049777777777777,0.6244792195563649,30
ssp370,2023,15.047444444444444,0.6018985485175514,30
ssp370,2024,15.060019444444444,0.6053956978685635,30
ssp370,2025,15.112688888888888,0.5683309809391659,30
ssp370,2026,15.191755555555556,0.5901039350679088,30
ssp370,2027,15.228005555555555,0.6099135565176511,30
ssp370,2028,15.240319444444445,0.6013446315884872,30
ssp370,2029,15.203769444444445,0.5646863761349313,30
ssp370,2030,15.205172222222222,0.5694594276320566,30
ssp370,2031,15.305427777777778,0.5925820407066617,30
ssp370,2032,15.353736111111111,0.6013586377917982,30
ssp370,2033,15.3698,0.6092503985883609,30
ssp370,2034,15.360513888888889,0.6015729159628007,30
ssp370,2035,15.392641666666666,0.5987116824579974,30
ssp370,2036,15.465633333333333,0.6129927416707281,30
ssp370,2037,15.560341666666666,0.5990757961682293,30
ssp370,2038,15.5577,0.6165909046346376,30
ssp370,2039,15.578988888888889,0.6078635608331536,30
ssp370,2040,15.595047222222222,0.5968374533569135,30
ssp370,2041,15.638677777777778,0.5780773153611215,30
ssp370,2042,15.6858,0.6105467524876209,30
ssp370,2043,15.713469444444444,0.5980037166731103,30
ssp370,2044,15.714041666666667,0.5963793401929712,30
ssp370,2045,15.770333333333333,0.5969957036786175,30
ssp370,2046,15.829138888888888,0.6475841057424256,30
ssp370,2047,15.857997222222222,0.5853515470728683,30
ssp370,2048,15.88663611111111,0.6146804501422157,30
ssp370,2049,15.960247222222222,0.6552646516037952,30
ssp370,2050,15.988575,0.6688955872787878,30
ssp370,2051,16.042819444444444,0.6306579058388141,30
ssp370,2052,16.063488888888887,0.6269237782401149,30
ssp370,2053,16.13267777777778,0.6502618577071557,30
ssp370,2054,16.095322222222222,0.6537949316198083,30
ssp370,2055,16.165322222222223,0.6772995008539138,30
ssp370,2056,16.210997222222222,0.6670447474906412,30
ssp370,2057,16.268119444444444,0.6484263376556979,30
ssp370,2058,16.27672777777778,0.6666989744087284,30
ssp370,2059,16.305427777777776,0.7083207962830111,30
ssp370,2060,16.355597222222222,0.6670607998316905,30
ssp370,2061,16.401708333333332,0.6732018570248629,30
ssp370,2062,16.435997222222223,0.6798258726949896,30
ssp370,2063,16.453908333333334,0.6720319246395027,30
ssp370,2064,16.48245,0.671714431931557,30
ssp370,2065,16.51977777777778,0.673552093792576,30
ssp370,2066,16.593091666666666,0.6927339018615405,30
ssp370,2067,16.680266666666668,0.7172357662224178,30
ssp370,2068,16.715025,0.7031518720365234,30
ssp370,2069,16.75618888888889,0.6877125867537731,30
ssp370,2070,16.74838888888889,0.6983396374270816,30
ssp370,2071,16.806605555555556,0.6822373805054044,30
ssp370,2072,16.844952777777777,0.6581057538704994,30
ssp370,2073,16.894355555555556,0.682108355670943,30
ssp370,2074,16.935141666666667,0.7130154226157603,30
ssp370,2075,17.017075,0.7105925470253196,30
ssp370,2076,17.017983333333333,0.7101565050647807,30
ssp370,2077,17.019766666666666,0.7437217544783068,30
ssp370,2078,17.088416666666667,0.7351492159635357,30
ssp370,2079,17.146716666666666,0.7506118192892414,30
ssp370,2080,17.185480555555557,0.7466122535346129,30
ssp370,2081,17.246441666666666,0.7659400927269391,30
ssp370,2082,17.285169444444445,0.72903046756996,30
ssp370,2083,17.33261388888889,0.7408619373359431,30
ssp370,2084,17.376661111111112,0.804244502198635,30
ssp370,2085,17.457105555555554,0.7737400210528077,30
ssp370,2086,17.476244444444443,0.780441834082269,30
ssp370,2087,17.485341666666667,0.7877630362115657,30
ssp370,2088,17.579483333333332,0.7815366453144402,30
ssp370,2089,17.63278888888889,0.8067172017196902,30
ssp370,2090,17.600244444444446,0.7824235622188266,30
ssp370,2091,17.628030555555554,0.8053512442830538,30
ssp370,2092,17.71807777777778,0.8338999027825771,30
ssp370,2093,17.797544444444444,0.8344026965593663,30
ssp370,2094,17.844475,0.8422011379574479,30
ssp370,2095,17.85578888888889,0.8367433414210809,30
ssp370,2096,17.91014722222222,0.8523102885179045,30
ssp370,2097,17.98710277777778,0.8780835267359071,30
ssp370,2098,18.011169444444445,0.8828295140637176,30
ssp370,2099,18.060298850574714,0.8732958528390784,29
ssp370,2100,18.204931547619047,0.8737618282677752,28
ssp585,2015,14.813919117647059,0.6049467438665046,34
ssp585,2016,14.854696078431372,0.5528552702709004,34
ssp585,2017,14.89614705882353,0.5647419165103779,34
ssp585,2018,14.899973039215686,0.5992745413351909,34
ssp585,2019,14.937710784313726,0.6262657382698491,34
ssp585,2020,14.955882352941176,0.6382171865737142,34
ssp585,2021,15.021580882352941,0.60028183633401,34
ssp585,2022,15.049458333333334,0.5797819536184121,34
ssp585,2023,15.067799019607843,0.6040715268586156,34
ssp585,2024,15.098740196078431,0.6155370327654414,34
ssp585,2025,15.13816911764706,0.601888401908856,34
ssp585,2026,15.18708088235294,0.6173017608989644,34
ssp585,2027,15.229811274509803,0.6234851926738209,34
ssp585,2028,15.263205882352942,0.631801247368562,34
ssp585,2029,15.27144362745098,0.6383502261658868,34
ssp585,2030,15.31630637254902,0.6573244333332003,34
ssp585,2031,15.364517156862746,0.6411546500343698,34
ssp585,2032,15.377688725490197,0.6142950074602448,34
ssp585,2033,15.404519607843138,0.6477317006950974,34
ssp585,2034,15.424936274509804,0.6490163925530198,34
ssp585,2035,15.470563725490196,0.6699567580707654,34
ssp585,2036,15.56168137254902,0.67358927918508,34
ssp585,2037,15.58769362745098,0.6710606578008126,34
ssp585,2038,15.62221568627451,0.6505679195092795,34
ssp585,2039,15.653561274509803,0.6839396134975085,34
ssp585,2040,15.743926470588235,0.709927437892555,34
ssp585,2041,15.75888725490196,0.7009629364311275,34
ssp585,2042,15.794482843137255,0.659135931545202,34
ssp585,2043,15.854705882352942,0.6809512407439661,34
ssp585,2044,15.902269607843138,0.7092951138464447,34
ssp585,2045,15.91571568627451,0.6910932599793669,34
ssp585,2046,15.977210784313726,0.6951058500514846,34
ssp585,2047,16.043990196078433,0.6899876489539877,34
ssp585,2048,16.126745098039216,0.682086306997947,34
ssp585,2049,16.17417156862745,0.7159363115276348,34
ssp585,2050,16.18210294117647,0.7138033928854577,34
ssp585,2051,16.182502450980394,0.6847680843386522,34
ssp585,2052,16.258664215686274,0.6858764323280861,34
ssp585,2053,16.306095588235294,0.7036140671753831,34
ssp585,2054,16.379779411764705,0.7243612883394317,34
ssp585,2055,16.43502450980392,0.7256153937987851,34
ssp585,2056,16.49437254901961,0.7540339040560662,34
ssp585,2057,16.527171568627452,0.7672889964124643,34
ssp585,2058,16.58522794117647,0.7532101910362193,34
ssp585,2059,16.660970588235294,0.7473976560463756,34
ssp585,2060,16.720654411764706,0.7595161884673158,34
ssp585,2061,16.739333333333335,0.7291541320711955,34
ssp585,2062,16.79153431372549,0.755705379655829,34
ssp585,2063,16.82687254901961,0.7722587779031869,34
ssp585,2064,16.863281862745097,0.7802142757497009,34
ssp585,2065,16.906017156862745,0.7940093129482637,34
ssp585,2066,17.022529411764705,0.7981437455137225,34
ssp585,2067,17.088325980392156,0.7853541201330468,34
ssp585,2068,17.103303921568628,0.8015547604757856,34
ssp585,2069,17.16131617647059,0.8276027649829939,34
ssp585,2070,17.264563725490195,0.8472814503371144,34
ssp585,2071,17.309264705882352,0.873132111975255,34
ssp585,2072,17.337387254901962,0.83077625177062,34
ssp585,2073,17.408460784313725,0.8681736602246025,34
ssp585,2074,17.446879901960784,0.8800731355894152,34
ssp585,2075,17.49733088235294,0.9045995408626002,34
ssp585,2076,17.55158088235294,0.8815755240848787,34
ssp585,2077,17.615230392156864,0.8835563254981476,34
ssp585,2078,17.65035294117647,0.8876117653955067,34
ssp585,2079,17.731073529411766,0.9090045959953673,34
ssp585,2080,17.822980392156865,0.9426286225988485,34
ssp585,2081,17.89818382352941,0.9590889885920246,34
ssp585,2082,17.94581617647059,0.9326258846569054,34
ssp585,2083,17.992539215686275,0.9353981988987737,34
ssp585,2084,18.083992647058825,0.9696533724030694,34
ssp585,2085,18.130372549019608,0.9919662609229548,34
ssp585,2086,18.18999019607843,1.0024052909503285,34
ssp585,2087,18.229833333333332,0.9946278374008339,34
ssp585,2088,18.311274509803923,1.0494982069226835,34
ssp585,2089,18.364218137254902,1.0810797109076444,34
ssp585,2090,18.43372794117647,1.075164008377848,34
ssp585,2091,18.52048529411765,1.0853131292773974,34
ssp585,2092,18.539154411764706,1.071529479361104,34
ssp585,2093,18.619507352941177,1.064759688068886,34
ssp585,2094,18.67763480392157,1.1215817179725978,34
ssp585,2095,18.74215931372549,1.1403463759126393,34
ssp585,2096,18.810223039215686,1.1488568236055483,34
ssp585,2097,18.86421568627451,1.1416462436641266,34
ssp585,2098,18.93532107843137,1.1243231039051438,34
ssp585,2099,18.998279411764706,1.1920117032243793,34
ssp585,2100,19.103635416666666,1.1860482495062372,32
