year,ssp126_co2_ppm,ssp126_co2_PgC,ssp126_ch4_ppb,ssp126_ch4_PgC_equiv,ssp126_n2o_ppb,ssp126_n2o_PgC_equiv,ssp126_total_PgC_equiv,ssp245_co2_ppm,ssp245_co2_PgC,ssp245_ch4_ppb,ssp245_ch4_PgC_equiv,ssp245_n2o_ppb,ssp245_n2o_PgC_equiv,ssp245_total_PgC_equiv,ssp370_co2_ppm,ssp370_co2_PgC,ssp370_ch4_ppb,ssp370_ch4_PgC_equiv,ssp370_n2o_ppb,ssp370_n2o_PgC_equiv,ssp370_total_PgC_equiv,ssp585_co2_ppm,ssp585_co2_PgC,ssp585_ch4_ppb,ssp585_ch4_PgC_equiv,ssp585_n2o_ppb,ssp585_n2o_PgC_equiv,ssp585_total_PgC_equiv
2,420.0372543,892.1591282,1883.585012,119.22189,333.1720759,193.1904946,1204.571513,420.4425735,893.0200262,1932.900736,122.3433387,333.6809769,193.4855818,1208.848947,422.1290232,896.6020453,1955.779775,123.791472,333.9006475,193.6129582,1214.006476,421.6142069,895.5085756,1924.767324,121.8285327,333.8734538,193.5971899,1210.934298
3,422.7210999,897.8596161,1878.576162,118.9048539,333.7720642,193.538399,1210.302869,423.3709844,899.2399709,1942.750102,122.9667562,334.4634323,193.9392902,1216.146017,425.5739314,903.9190302,1972.842072,124.8714335,334.7558619,194.108856,1222.89932,425.0098674,902.7209583,1934.21288,122.4263911,334.7099559,194.0822373,1219.229587
4,425.3363876,903.4144873,1872.161174,118.4988159,334.3481471,193.8724418,1215.785745,426.3163478,905.4959226,1952.241343,123.5675063,335.2519557,194.396517,1223.459946,429.0800781,911.3660859,1990.260508,125.9739369,335.6248296,194.6127287,1231.952752,428.5181605,910.1725729,1944.456085,123.0747368,335.5524165,194.5707398,1227.81805
5,427.8850352,908.8278148,1864.436279,118.0098672,334.9011637,194.1931096,1221.030792,429.2788951,911.7883731,1961.404806,124.1475094,336.0464198,194.8571886,1230.793071,432.6483485,918.9450922,2008.007029,127.0972065,336.5060476,195.1237047,1241.166003,432.1374308,917.8599031,1955.435842,123.7697027,336.3997955,195.0620942,1236.6917
6,430.3718872,914.1098884,1855.508636,117.4447902,335.4313914,194.5005632,1226.055242,432.2616272,918.1236962,1970.271505,124.7087289,336.8457921,195.3207063,1238.153131,436.2819265,926.6628118,2026.050385,128.2392643,337.4021606,195.6433177,1250.545394,435.8664856,925.7804154,1967.1014,124.5080765,337.2522863,195.5564127,1245.844905
7,432.7990723,919.2652295,1845.457998,116.8086331,335.9393692,194.7951151,1230.868978,435.2641907,924.501141,1978.857229,125.2521641,337.6502991,195.7872012,1245.540506,439.9824677,934.5227613,2044.36259,129.398339,338.3101349,196.1698083,1260.090909,439.7035319,933.9303018,1979.402181,125.2866569,338.1107457,196.0541921,1255.271151
8,435.1704305,924.3019944,1834.36318,116.1063843,336.4235611,195.0758747,1235.484253,438.2870687,930.9217339,1987.17808,125.778834,338.4607213,196.2571262,1252.957694,443.7501882,942.5253997,2062.933268,130.5737738,339.231341,196.7039716,1269.803145,443.6496658,942.3118902,1992.266479,126.1009053,338.9741364,196.5548309,1264.967626
9,437.486908,929.2221925,1822.306681,115.3432659,336.8867162,195.3444362,1239.909895,441.3328756,937.3910277,1995.266632,126.2908005,339.2761917,196.7299783,1260.411807,447.5869141,950.6746055,2081.730937,131.763576,340.1663869,197.2461598,1279.684341,447.7047119,950.9248081,2005.661835,126.948767,339.8425852,197.0584027,1274.931978
10,439.7517141,934.0326407,1809.351583,114.5232703,337.3268178,195.59963,1244.155541,444.4008382,943.9073804,2003.13268,126.7886836,340.0976766,197.206318,1267.902382,451.4939601,958.9731712,2100.738993,132.9666947,341.1134237,197.7953009,1289.735167,451.8677368,959.767073,2019.535146,127.826881,340.7159526,197.5648265,1285.15878
11,441.9638214,938.7311567,1795.58429,113.6518667,337.745074,195.8421566,1248.22518,447.4913966,950.4717263,2010.771973,127.2722142,340.9239909,197.685458,1275.429398,455.4714025,967.4212589,2119.929667,134.1813723,342.0734889,198.3519967,1299.954628,456.141276,968.8440703,2033.866872,128.7340104,341.594485,198.0742453,1295.652326
12,444.1048609,943.2787246,1781.338094,112.7501509,338.1459376,196.0745982,1252.103474,450.5926717,957.0588347,2017.781647,127.7158929,341.7519658,198.1655609,1282.940288,459.5055237,975.9897323,2139.156474,135.3983368,343.0442098,198.9148711,1310.30294,460.5371323,978.1808689,2049.149872,129.701351,342.4776128,198.5863287,1306.468549
13,446.1587575,947.641201,1766.884094,111.8352821,338.5349121,196.3001459,1255.776629,453.6948268,963.647812,2023.864899,128.1009335,342.5788981,198.6450592,1290.393805,463.5852585,984.655089,2158.297974,136.6099019,344.0228984,199.4823657,1320.747357,465.0661723,987.8005499,2065.769165,130.7532725,343.3618698,199.0990669,1317.652889
14,448.1308772,951.8299831,1752.247304,110.9088436,338.910848,196.518133,1259.25696,456.8012288,970.2458101,2029.08493,128.4313365,343.4047292,199.123919,1297.801066,467.7124023,993.4211426,2177.351888,137.8159232,345.0106964,200.0551423,1331.292208,469.7261429,997.6983275,2083.595601,131.8816003,344.2501043,199.6141115,1329.194039
15,450.0212123,955.8450548,1737.424266,109.9706164,339.2748871,196.7292218,1262.544893,459.9126918,976.8545573,2033.500682,128.7108323,344.228658,199.6016758,1305.167065,471.8906809,1002.295806,2196.335449,139.0174915,346.0073649,200.6330626,1341.94636,474.5181198,1007.876486,2102.535604,133.0804116,345.1403097,200.1302988,1341.087197
16,452.0587745,960.1728371,1722.141451,109.0032876,339.6492873,196.9463185,1266.122443,463.3177631,984.0869288,2037.677969,128.9752346,345.0953158,200.104209,1313.166372,476.4598483,1012.000718,2216.422607,140.2889122,347.0625939,201.2449392,1353.534569,479.8129554,1019.122717,2123.737793,134.4224084,346.0791673,200.6746973,1354.219823
17,453.7099177,963.6798652,1706.082011,107.9868021,339.9934794,197.145899,1268.812566,466.4211756,990.6785771,2040.384603,129.1465515,345.9439189,200.5962732,1320.421402,480.7664541,1021.147948,2235.64325,141.5054866,348.1106847,201.8526768,1364.506112,484.929479,1029.990213,2145.178243,135.7794859,347.0033417,201.2105817,1366.980281
18,455.3636297,967.1923494,1690.831828,107.0215387,340.3195292,197.3349597,1271.548848,469.5587692,997.3428258,2042.681325,129.291923,346.7649206,201.0723327,1327.707082,485.1109543,1030.375667,2254.402181,142.6928369,349.1329498,202.4454392,1375.513943,490.1317546,1041.039847,2167.00588,137.1610706,347.9008662,201.7310131,1379.93193
19,456.9429626,970.5468527,1675.47641,106.0496145,340.6334559,197.5169907,1274.113458,472.7064616,1004.028524,2044.371836,129.3989243,347.5856145,201.5482138,1334.975662,489.5121994,1039.723912,2273.088664,143.8756016,350.1634242,203.0429618,1386.642475,495.4696045,1052.37744,2189.5967,138.590961,348.8011805,202.2530621,1393.221463
20,458.447909,973.7433588,1660.015971,105.0710429,340.9356232,197.692203,1276.506605,475.8654938,1010.738309,2045.517995,129.4714706,348.4045919,202.0230994,1342.232879,493.9714406,1049.19534,2291.697367,145.0534432,351.2028453,203.6456722,1397.894455,500.9442851,1064.005661,2212.909302,140.0665368,349.7037303,202.7764074,1406.848606
21,459.8818359,976.7890195,1644.488892,104.0882533,341.2267024,197.8609858,1278.738259,479.0345612,1017.469408,2046.140116,129.5108479,349.2231878,202.4977639,1349.47802,498.4906184,1058.794073,2310.247579,146.2275826,352.2501017,204.252926,1409.274582,506.5567907,1075.926623,2236.835632,141.5809587,350.6087723,203.3011978,1420.80878
22,461.2411474,979.676197,1629.149323,103.1173322,341.508695,198.0244998,1280.818029,482.2038829,1024.201047,2046.031392,129.5039662,350.035965,202.9690544,1356.674068,503.0596949,1068.498792,2328.737976,147.3979359,353.3041102,204.8640949,1420.760823,512.315829,1088.158821,2260.933818,143.1062582,351.5081253,203.8226895,1435.087768
23,462.5244624,982.4019581,1614.168844,102.1691398,341.7856267,198.1850792,1282.756177,485.3666967,1030.918864,2045.061534,129.4425788,350.8420054,203.4364385,1363.797881,507.6764221,1078.304721,2347.181437,148.5653185,354.3642298,205.4788074,1432.348846,518.227361,1100.714915,2284.92509,144.6247905,352.3964996,204.3378151,1449.67752
24,463.733078,984.9690577,1599.510234,101.2413201,342.0557048,198.3416845,1284.552062,488.5239182,1037.624802,2043.317088,129.3321637,351.6417084,203.9001479,1370.857114,512.3407033,1088.211654,2365.583313,149.7300689,355.4313151,206.0975589,1444.039282,524.2919006,1113.595997,2308.831034,146.1379221,353.2758153,204.8476881,1464.581607
25,464.8675715,987.3787219,1585.148285,100.3322777,342.3206355,198.4953051,1286.206305,491.677241,1044.32246,2040.848165,129.1758928,352.4336395,204.3593507,1377.857703,517.0560913,1098.227138,2383.936259,150.8917223,356.5042801,206.7197198,1455.83858,530.5108236,1126.804989,2332.646037,147.6452974,354.1440303,205.3511242,1479.801411
26,465.9270681,989.6290926,1571.064016,99.44081109,342.5786718,198.644928,1287.714832,494.8266042,1051.011707,2037.698964,128.9765635,353.2194036,204.8149776,1384.803248,521.8215688,1108.349012,2402.248291,152.050786,357.583313,207.3453992,1467.745197,536.8858185,1140.345478,2356.369751,149.1468947,355.0024033,205.8488535,1495.341227
27,466.9128215,991.7228328,1557.247854,98.56631434,342.831749,198.7916753,1289.080822,497.9732539,1057.695191,2033.927572,128.7378524,353.9972534,205.2660154,1391.699059,526.6393026,1118.581879,2420.511108,153.2067347,358.6682561,207.9745056,1479.763119,543.4169718,1154.217648,2379.99412,150.6422038,355.8507182,206.3407506,1511.200603
28,467.8255819,993.6615359,1543.676158,97.70729113,343.0788371,198.9349498,1290.303777,501.1177673,1064.374138,2029.573812,128.4622803,354.7692261,205.7136453,1398.550063,531.5103658,1128.928017,2438.733459,154.3601221,359.7594248,208.607222,1491.895361,550.106486,1168.426176,2403.54303,152.1327368,356.6890666,206.8268686,1527.385782
29,468.6654612,995.4454396,1530.322174,96.86204807,343.3209483,199.0753385,1291.382826,504.2593689,1071.0469,2024.6875,128.1530003,355.5339661,206.1570813,1405.356981,536.4364624,1139.391046,2456.905334,155.5103145,360.8573888,209.2438786,1504.145239,556.9564107,1182.975416,2426.989665,153.6167962,357.5173823,207.3071692,1543.899382
30,469.4334488,997.0766452,1517.174998,96.02989493,343.5568644,199.2121349,1292.318675,507.4004008,1077.718451,2019.307973,127.812502,356.291982,206.5966184,1412.127572,541.4179179,1149.971658,2475.025553,156.6572374,361.9602534,209.8833769,1516.512272,563.9669698,1197.865844,2450.362712,155.0961979,358.3357824,207.7817201,1560.743762
31,470.1309713,998.558183,1504.232941,95.21072483,343.787089,199.3456311,1293.114539,510.5379028,1084.382506,2013.457855,127.4422176,357.0437469,207.0325308,1418.857254,546.4559733,1160.672487,2493.103109,157.8014599,363.0693512,210.5264894,1529.000437,571.1415914,1213.10474,2473.569194,156.5650568,359.1454468,208.2512056,1577.921003
32,470.7650757,999.9050208,1491.563121,94.40878603,344.0134277,199.4768741,1293.790681,513.6565526,1091.006518,2007.099589,127.0397699,357.7859624,207.4629059,1425.509194,551.5452983,1171.482214,2511.212463,158.9476951,364.1841304,211.1728964,1541.602805,578.5020345,1228.738321,2495.568746,157.9575229,359.9485499,208.7168866,1595.412731
33,471.3425217,1001.131516,1479.204742,93.62656001,344.23585,199.6058461,1294.363922,516.7441406,1097.564555,2000.213776,126.603931,358.5171254,207.8868722,1432.055358,556.6846364,1182.398168,2529.381368,160.0976996,365.30277,211.8215418,1554.317409,586.061086,1244.793747,2515.666951,159.2296428,360.7481944,209.180562,1613.203952
34,471.8618749,1002.234622,1467.143331,92.86313056,344.455368,199.7331341,1294.830887,519.8012899,1104.05794,1992.846436,126.1376137,359.2372665,208.3044475,1438.500001,561.8753866,1193.423321,2547.600911,161.2509092,366.4254125,212.4725083,1567.146739,593.8170115,1261.267332,2534.073283,160.3946753,361.5456518,209.6429693,1631.304977
35,472.3242594,1003.216727,1455.356608,92.11708758,344.6718928,199.8586864,1295.192501,522.8306376,1110.492274,1985.033783,125.6431103,359.9465535,208.715729,1444.851114,567.1190796,1204.560925,2565.879252,162.4078404,367.5522156,213.1258873,1580.094653,601.7722829,1278.164329,2550.858602,161.4571054,362.3390554,210.1030259,1649.72446
36,472.7285919,1004.075529,1443.818502,91.38678083,344.8852743,199.982416,1295.444726,525.8319092,1116.866975,1976.8078,125.1224451,360.6458181,209.1211989,1451.110619,572.4149424,1215.809338,2584.195475,163.5671694,368.6839244,213.7821109,1593.158618,609.9263509,1295.483569,2566.147807,162.4248387,363.1294963,210.5613647,1668.469773
37,473.0761414,1004.813724,1432.52772,90.67212855,345.0946655,200.103832,1295.589685,528.8052826,1123.18242,1968.206268,124.5780094,361.3339233,209.5201981,1457.280628,577.7663167,1227.175657,2602.551819,164.7290379,369.8197301,214.4407102,1606.345405,618.279719,1313.226123,2580.051615,163.304883,363.9158452,211.0173307,1687.548337
38,473.3664042,1005.430243,1421.452983,89.97115082,345.3012466,200.2236185,1295.625012,531.7518921,1129.441019,1959.249369,124.0110807,362.0111949,209.9129154,1463.365015,583.1734517,1238.660411,2620.934998,165.8926049,370.9603373,215.1020935,1619.65511,626.8343048,1331.396063,2592.649597,164.1022748,364.6995341,211.4717542,1706.970092
39,473.5989863,1005.924247,1410.587046,89.28338921,345.5045675,200.3415145,1295.549151,534.6724904,1135.64437,1949.979909,123.4243684,362.678566,210.2998918,1469.36863,588.6359049,1250.262662,2639.340007,167.0575536,372.1040293,215.7652656,1633.085481,635.5911458,1349.995594,2604.03186,164.8227174,365.4810079,211.9248934,1726.743205
40,473.7752609,1006.298654,1399.920603,88.60825458,345.7041245,200.457228,1295.364137,537.5672963,1141.792937,1940.406433,122.8184133,363.3358078,210.6809948,1475.292346,594.1565094,1261.988426,2657.772502,168.224242,373.2526957,216.4313221,1646.64399,644.55218,1369.02883,2614.278076,165.4712537,366.258283,212.3755979,1746.875682
41,473.8944397,1006.55179,1389.436086,87.94463495,345.9016978,200.5717913,1295.068216,540.4351654,1147.884291,1930.583669,122.1966794,363.981898,211.0556315,1481.136602,599.7340342,1273.835089,2676.216899,169.3916838,374.4043121,217.0990892,1660.325862,653.7171885,1388.495308,2623.479757,166.0536759,367.0316696,212.8240477,1767.373032
42,473.9684423,1006.708971,1379.045736,87.28697565,346.0963618,200.6846676,1294.680615,543.2649638,1153.894783,1920.853617,121.5808139,364.6156947,211.4231398,1486.898737,605.3696645,1285.805167,2694.703023,170.5617668,375.5611776,217.7698999,1674.136834,663.0860087,1408.394682,2631.726074,166.5756282,367.8008575,213.2700628,1788.240374
43,474.001742,1006.7797,1368.69102,86.63157183,346.290156,200.7970396,1294.208311,546.0493927,1159.80891,1911.43457,120.9846334,365.2353134,211.782427,1492.57597,611.0620117,1297.895713,2713.21995,171.7337994,376.7216492,218.4428017,1688.072314,672.6580811,1428.725764,2639.092773,167.0419049,368.563563,213.7123191,1809.479988
44,473.9948781,1006.765121,1358.379639,85.97891091,346.48187,200.9082053,1293.652237,548.7901001,1165.630173,1902.277802,120.4050539,365.8409958,212.1336331,1498.16886,616.811849,1310.108367,2731.786112,172.9089483,377.8852844,219.1175379,1702.134853,682.4364065,1449.494927,2645.642293,167.4564581,369.3184153,214.1500218,1831.101407
45,473.9457804,1006.660838,1348.115885,85.32926459,346.6726863,201.0188505,1293.008953,551.4867605,1171.357879,1893.391327,119.8425827,366.4326579,212.4767095,1503.677171,622.6216787,1322.448445,2750.369242,174.0851713,379.0528234,219.7945377,1716.328155,692.4210459,1470.702302,2651.45048,167.8240884,370.0673726,214.5843062,1853.110696
46,473.8547923,1006.467579,1337.8815,84.68147713,346.8612391,201.1281832,1292.277239,554.1407318,1176.994914,1884.739665,119.294974,367.0103048,212.8116592,1509.101548,628.4893901,1334.911464,2768.984558,175.2634314,380.2235489,220.4733853,1730.648281,702.6161245,1492.356648,2656.545003,168.1465473,370.809227,215.0144719,1875.517668
47,473.7216822,1006.184853,1327.687602,84.03625229,347.0481567,201.2365678,1291.457673,556.752533,1182.54238,1876.316172,118.7618074,367.574084,213.1385677,1514.442755,634.4175822,1347.502945,2787.615824,176.4427011,381.3991063,221.1550346,1745.10068,713.0211589,1514.456941,2660.990255,168.4279104,371.545311,215.4412917,1898.326143
48,473.5453339,1005.810289,1317.523173,83.39289274,347.2350286,201.3449258,1290.548108,559.3216553,1187.999196,1868.102295,118.2419084,368.1248322,213.4579202,1519.699024,640.4066823,1360.223793,2806.259196,177.6227371,382.5766322,221.8378253,1759.684356,723.6388143,1537.008842,2664.832743,168.6711215,372.2751948,215.8645163,1921.544479
49,473.3251343,1005.342585,1307.399445,82.75210932,347.4195938,201.4519463,1289.546641,561.8507334,1193.370958,1860.105794,117.7357683,368.661555,213.76914,1524.875866,646.4569295,1373.074518,2824.919657,178.8038547,383.7594452,222.5236818,1774.402055,734.4717763,1560.018053,2668.108521,168.8784624,372.9979909,216.283631,1945.180146
50,473.0631383,1004.786106,1297.304159,82.11312617,347.6023763,201.5579331,1288.457165,564.3382365,1198.654414,1852.285431,117.2407768,369.1853994,214.0728922,1529.968083,652.5692698,1386.057129,2843.568705,179.9842499,384.9447759,223.2109982,1789.252377,745.5221812,1583.489113,2670.859599,169.0525925,373.7139257,216.6987672,1969.240473
51,472.7559357,1004.133607,1287.237773,81.47597227,347.7842662,201.6634023,1287.272982,566.7849884,1203.851315,1844.640584,116.7568947,369.6947606,214.3682463,1534.976456,658.743571,1399.171345,2862.231873,181.1655388,386.1334559,223.9002567,1804.23714,756.7880809,1607.417884,2673.104614,169.1946912,374.4239273,217.1104631,1993.723038
52,472.3926926,1003.362079,1277.161886,80.83821698,347.9665222,201.7690838,1285.96938,569.1639353,1208.904199,1837.077006,116.2781565,370.1867065,214.6535022,1539.835857,664.9798889,1412.417284,2880.917684,182.348261,387.326032,224.5917743,1819.357319,768.2485402,1631.759899,2674.431885,169.278701,375.1280263,217.5187363,2018.557337
53,471.9648819,1002.453409,1267.033417,80.19713352,348.1506958,201.8758773,1284.52642,571.4612935,1213.783787,1829.529175,115.800415,370.6593831,214.9275846,1544.511787,671.2781779,1425.79485,2899.65684,183.5343596,388.521492,225.2849642,1834.614174,779.8849792,1656.475696,2674.602539,169.2895026,375.8271281,217.9241119,2043.68931
54,471.4744364,1001.411703,1256.867177,79.55365936,348.3347626,201.9826087,1282.947971,573.6791128,1218.494435,1822.003153,115.324054,371.1121674,215.1901325,1549.008622,677.6386007,1439.304388,2918.430318,184.7226307,389.7200368,225.9799428,1850.006961,791.7047475,1681.580884,2673.736165,169.2346653,376.5201747,218.3259763,2069.141525
55,470.9209925,1000.236188,1246.662221,78.90773463,348.5212682,202.0907544,1281.234677,575.8179423,1223.037309,1814.496012,114.848888,371.5458145,215.4415836,1553.327781,684.0620728,1452.947843,2937.225769,185.9122925,390.9214045,226.6765583,1865.536693,803.7071381,1707.073961,2671.899679,169.1184245,377.2083054,218.7249903,2094.917376
56,470.3069204,998.9318989,1236.437754,78.26057495,348.7093175,202.1997952,1279.392269,577.8790283,1227.415056,1807.010396,114.3750844,371.9585215,215.6808926,1557.471033,690.5487417,1466.725527,2956.060465,187.1044384,392.1248932,227.3744036,1881.204369,815.8953501,1732.961724,2669.187642,168.9467657,377.8903147,219.1204548,2121.028944
57,469.631513,997.4973335,1226.171549,77.61077346,348.8974686,202.3088949,1277.417002,579.8632151,1231.629469,1799.555715,113.9032389,372.3534673,215.9099027,1561.442611,697.1004181,1480.641288,2974.901591,188.2969912,393.3325857,228.0746865,1897.012966,828.2717031,1759.249097,2665.642049,168.7223466,378.5675786,219.5131676,2147.484612
58,468.8943914,995.9316873,1215.889547,76.95997204,349.0878016,202.4192599,1275.310919,581.7716675,1235.683022,1792.130493,113.433258,372.7281799,216.1271806,1565.24346,703.7149811,1494.69062,2993.765564,189.4909901,394.5428721,228.7764735,1912.958083,840.8373973,1785.938632,2661.34257,168.4502102,379.2396037,219.9028427,2174.291685
59,468.0985972,994.2414205,1205.585958,76.30780432,349.278979,202.5301145,1273.079339,583.6049856,1239.576989,1784.735891,112.9652151,373.0851491,216.3341699,1568.876374,710.3948059,1508.878568,3012.634908,190.685329,395.7554143,229.4795685,1929.043465,853.5940806,1813.033827,2656.360799,168.1348881,379.9056651,220.2890597,2201.457775
60,467.2422129,992.4224603,1195.260539,75.65425485,349.4722977,202.6422107,1270.718926,585.3625692,1243.310097,1777.369629,112.4989661,373.4217758,216.5293636,1572.338427,717.1385549,1523.202291,3031.506795,191.8798289,396.9719849,230.1849994,1945.267119,866.5441538,1840.539783,2650.740295,167.7791371,380.56692,220.6724897,2228.99141
61,466.327563,990.4797437,1184.947784,75.001507,349.6664912,202.7548142,1268.236065,587.0452881,1246.884192,1770.058462,112.0362043,373.7411194,216.7145356,1575.634932,723.9501139,1537.670042,3050.367411,193.0736154,398.1902415,230.8914079,1961.635065,879.6822052,1868.445004,2644.503113,167.3843534,381.2228241,221.052817,2256.882174
62,465.3744965,988.4554305,1174.954458,74.36897738,349.8643977,202.8695707,1265.693979,588.6369019,1250.26478,1762.994812,111.5891092,374.0444794,216.8904395,1578.744328,730.8336589,1552.290691,3069.071045,194.2574656,399.4120585,231.599881,1978.148038,892.9213257,1896.564896,2637.331889,166.9304494,381.8702952,221.4282544,2284.9236
63,464.395106,986.3752051,1165.493805,73.77016348,350.068339,202.9878265,1263.133195,590.1282196,1253.432338,1756.320211,111.166639,374.3331985,217.0578538,1581.656831,737.7970174,1567.080865,3087.530131,195.4258371,400.6387126,232.3111588,1994.817861,906.1995392,1924.767821,2629.013224,166.4039178,382.5088145,221.7985011,2312.97024
64,463.3872706,984.2345628,1156.508921,73.20146348,350.2772039,203.1089372,1260.544963,591.5220744,1256.392886,1749.995463,110.7663128,374.6091003,217.2178361,1584.377035,744.8378448,1582.035582,3105.763631,196.5799302,401.868309,233.0241427,2011.639655,919.528595,1953.078736,2619.671448,165.8126282,383.1383235,222.1635231,2341.054887
65,462.3515218,982.0346323,1147.972687,72.6611608,350.4922155,203.2336121,1257.929405,592.8188019,1259.147135,1743.99942,110.3867921,374.8718058,217.3701664,1586.904094,751.9582876,1597.159403,3123.777344,197.7201117,403.1031138,233.7401467,2028.619661,932.9063873,1981.493167,2609.387899,165.1617289,383.7587179,222.5232601,2369.178156
66,461.2853216,979.770023,1139.84905,72.14697358,350.7119293,203.3610136,1255.27801,594.0186717,1261.695659,1738.309896,110.0266725,375.1205393,217.514395,1589.236726,759.1583405,1612.452315,3141.58252,198.8470939,404.3405101,234.4576534,2045.757062,946.3364461,2010.018612,2598.239095,164.4560632,384.369194,222.8772459,2397.351921
67,460.1895116,977.4425227,1132.111949,71.65725221,350.9369176,203.4914736,1252.591248,595.1227417,1264.040703,1732.91684,109.6853179,375.3563436,217.6511265,1591.377148,766.4364675,1627.911057,3159.179484,199.9608973,405.5823466,235.1777348,2063.049689,959.8202616,2038.658236,2586.303182,163.7005772,384.971789,223.2266618,2425.585475
68,459.0644328,975.0528552,1124.728699,71.18992793,351.1678492,203.6253797,1249.868163,596.1318817,1266.184117,1727.779592,109.3601548,375.5780029,217.7796562,1593.323928,773.7947032,1643.53995,3176.600932,201.0635913,406.8278249,235.8999279,2080.503469,973.3584544,2067.413357,2573.658386,162.9002223,385.5641403,223.5701379,2453.883717
69,457.9083888,972.5974178,1117.672038,70.74327516,351.4036128,203.7620877,1247.102781,597.0460052,1268.125715,1722.913513,109.0521554,375.7869237,217.9007993,1595.07867,781.2307892,1659.334196,3193.840434,202.154769,408.0764211,236.6239289,2098.112894,986.9525808,2096.287282,2560.352865,162.0580466,386.1488241,223.9091679,2482.254496
70,456.7231929,970.0800616,1110.92099,70.31596625,351.6446203,203.9018363,1244.297864,597.8650513,1269.865369,1718.267873,108.7581087,375.9827754,218.0143643,1596.637842,788.7482249,1675.30123,3210.91394,203.23544,409.3291168,237.350307,2115.886977,1000.602331,2125.27935,2546.45459,161.1783526,386.7231064,224.2421667,2510.699869
71,455.508962,967.5010353,1104.446381,69.90615455,351.8912303,204.0448337,1241.452023,598.5932515,1271.412066,1713.84729,108.478307,376.1668065,218.1210751,1598.011448,796.3433126,1691.433196,3227.827169,204.3059662,410.5857951,238.0789945,2133.818157,1014.308757,2154.391799,2532.043701,160.2662125,387.2898916,224.5708182,2539.22883
72,454.3018545,964.9371389,1098.23878,69.51324321,352.1365967,204.1871099,1238.637492,599.2575582,1272.823054,1709.653534,108.2128624,376.3374914,218.220047,1599.255963,804.0240529,1707.747088,3244.596029,205.3673546,411.846283,238.8098909,2151.924334,1028.02774,2183.530921,2517.645915,159.3549017,387.8457972,224.8931612,2567.778984
73,453.1235097,962.4343347,1092.254293,69.13445391,352.3779526,204.3270606,1235.895849,599.8760529,1274.136736,1705.668386,107.9606216,376.4955699,218.3117092,1600.409067,811.7912547,1724.244625,3261.258443,206.4220054,413.1087672,239.5419449,2170.208575,1041.735708,2212.646643,2503.619161,158.4670755,388.3898849,225.2086516,2596.32237
74,451.9680812,959.9802044,1086.491689,68.76970876,352.6151937,204.4646253,1233.214538,600.4469198,1275.349258,1701.891642,107.7215719,376.6427078,218.3970274,1601.467857,819.6447296,1740.925406,3277.796407,207.4687791,414.3765818,240.2770897,2188.671275,1055.43512,2241.744194,2489.896098,157.5984715,388.9218063,225.5170872,2624.859753
75,450.836024,957.5757149,1080.933197,68.41788289,352.8473918,204.5992658,1230.592864,600.9697622,1276.459775,1698.290049,107.4936083,376.7776235,218.4752585,1602.428642,827.5852,1757.790965,3294.220113,208.5083209,415.6457672,241.0130294,2207.312315,1069.133799,2270.84019,2476.488688,156.7498468,389.4419327,225.8186835,2653.40872
76,449.7240321,955.2138441,1075.552928,68.07733767,353.0758082,204.7317135,1228.022895,601.4411672,1277.461039,1694.869975,107.277134,376.9006729,218.546609,1603.284782,835.6127014,1774.841378,3310.553345,209.5421361,416.9196091,241.7516692,2226.135183,1082.810425,2299.889342,2463.339864,155.9175894,389.9511108,226.1139315,2681.920863
77,448.6301753,952.8904923,1070.351145,67.74808982,353.3000793,204.8617576,1225.50034,601.8641256,1278.359403,1691.604797,107.070464,377.0117086,218.6109932,1604.04086,843.7271525,1792.076472,3326.763306,210.5681488,418.1947225,242.4910462,2245.135667,1096.492788,2328.950681,2450.478821,155.1035471,390.4492798,226.4027958,2710.457024
78,447.5551732,950.607188,1065.295349,67.42808218,353.5204697,204.9895514,1223.024822,602.2351837,1279.14753,1688.50178,106.8740579,377.1118978,218.6690882,1604.690676,851.9287415,1809.496647,3342.891113,211.5889616,419.4748052,243.2333047,2264.318913,1110.169444,2357.999899,2437.855082,154.304525,390.9363708,226.6852365,2738.98966
79,446.4956538,948.3567686,1060.400208,67.11824321,353.7366028,205.1148766,1220.589888,602.5550435,1279.826912,1685.531728,106.6860678,377.1996638,218.7199795,1605.23296,860.2180888,1827.103221,3358.907491,212.6027214,420.7580465,243.9773948,2283.683337,1123.827515,2387.009641,2425.476624,153.521028,391.4113592,226.9606594,2767.491329
80,445.4509735,946.1378677,1055.621246,66.81575791,353.948115,205.2375224,1218.191148,602.8222707,1280.394503,1682.696299,106.5065988,377.2761815,218.7643484,1605.66545,868.5954742,1844.896787,3374.848063,213.6116831,422.0434799,244.7227559,2303.231226,1137.488668,2416.02593,2413.31012,152.7509467,391.8756994,227.229908,2796.006785