iIRF100,alpha,,,,
10.0000000,0.0000549,,,,
10.1703407,0.0000563,,,,
10.3406814,0.0000578,,,,500
10.5110220,0.0000594,,,,
10.6813627,0.0000609,,,,
10.8517034,0.0000626,,,,
11.0220441,0.0000642,,,,
11.1923848,0.0000660,,,,
11.3627255,0.0000677,,,,
11.5330661,0.0000696,,,,
11.7034068,0.0000715,,,,
11.8737475,0.0000734,,,,
12.0440882,0.0000754,,,,
12.2144289,0.0000775,,,,
12.3847695,0.0000797,,,,
12.5551102,0.0000819,,,,
12.7254509,0.0000842,,,,
12.8957916,0.0000866,,,,
13.0661323,0.0000891,,,,
13.2364729,0.0000917,,,,
13.4068136,0.0000943,,,,
13.5771543,0.0000971,,,,
13.7474950,0.0001000,,,,
13.9178357,0.0001031,,,,
14.0881764,0.0001062,,,,
14.2585170,0.0001095,,,,
14.4288577,0.0001129,,,,
14.5991984,0.0001165,,,,
14.7695391,0.0001203,,,,
14.9398798,0.0001243,,,,
15.1102204,0.0001284,,,,
15.2805611,0.0001328,,,,
15.4509018,0.0001374,,,,
15.6212425,0.0001423,,,,
15.7915832,0.0001474,,,,
15.9619238,0.0001528,,,,
16.1322645,0.0001585,,,,
16.3026052,0.0001646,,,,
16.4729459,0.0001711,,,,
16.6432866,0.0001780,,,,
16.8136273,0.0001854,,,,
16.9839679,0.0001933,,,,
17.1543086,0.0002017,,,,
17.3246493,0.0002109,,,,
17.4949900,0.0002207,,,,
17.6653307,0.0002313,,,,
17.8356713,0.0002428,,,,
18.0060120,0.0002554,,,,
18.1763527,0.0002691,,,,
18.3466934,0.0002842,,,,
18.5170341,0.0003008,,,,
18.6873747,0.0003192,,,,
18.8577154,0.0003397,,,,
19.0280561,0.0003627,,,,
19.1983968,0.0003887,,,,
19.3687375,0.0004182,,,,
19.5390782,0.0004520,,,,
19.7094188,0.0004911,,,,
19.8797595,0.0005368,,,,
20.0501002,0.0005910,,,,
20.2204409,0.0006561,,,,
20.3907816,0.0007354,,,,
20.5611222,0.0008340,,,,
20.7314629,0.0009592,,,,
20.9018036,0.0011220,,,,
21.0721443,0.0013391,,,,
21.2424850,0.0016358,,,,
21.4128257,0.0020489,,,,
21.5831663,0.0026240,,,,
21.7535070,0.0034024,,,,
21.9238477,0.0043973,,,,
22.0941884,0.0055843,,,,
22.2645291,0.0069185,,,,
22.4348697,0.0083562,,,,
22.6052104,0.0098645,,,,
22.7755511,0.0114211,,,,
22.9458918,0.0130112,,,,
23.1162325,0.0146253,,,,
23.2865731,0.0162569,,,,
23.4569138,0.0179016,,,,
23.6272545,0.0195564,,,,
23.7975952,0.0212190,,,,
23.9679359,0.0228878,,,,
24.1382766,0.0245619,,,,
24.3086172,0.0262403,,,,
24.4789579,0.0279227,,,,
24.6492986,0.0296087,,,,
24.8196393,0.0312982,,,,
24.9899800,0.0329914,,,,
25.1603206,0.0346884,,,,
25.3306613,0.0363895,,,,
25.5010020,0.0380951,,,,
25.6713427,0.0398057,,,,
25.8416834,0.0415220,,,,
26.0120240,0.0432444,,,,
26.1823647,0.0449736,,,,
26.3527054,0.0467104,,,,
26.5230461,0.0484554,,,,
26.6933868,0.0502093,,,,
26.8637275,0.0519731,,,,
27.0340681,0.0537473,,,,
27.2044088,0.0555328,,,,
27.3747495,0.0573303,,,,
27.5450902,0.0591408,,,,
27.7154309,0.0609649,,,,
27.8857715,0.0628034,,,,
28.0561122,0.0646572,,,,
28.2264529,0.0665271,,,,
28.3967936,0.0684139,,,,
28.5671343,0.0703184,,,,
28.7374749,0.0722414,,,,
28.9078156,0.0741837,,,,
29.0781563,0.0761461,,,,
29.2484970,0.0781296,,,,
29.4188377,0.0801349,,,,
29.5891784,0.0821628,,,,
29.7595190,0.0842142,,,,
29.9298597,0.0862900,,,,
30.1002004,0.0883909,,,,
30.2705411,0.0905179,,,,
30.4408818,0.0926719,,,,
30.6112224,0.0948537,,,,
30.7815631,0.0970643,,,,
30.9519038,0.0993044,,,,
31.1222445,0.1015751,,,,
31.2925852,0.1038773,,,,
31.4629259,0.1062119,,,,
31.6332665,0.1085799,,,,
31.8036072,0.1109822,,,,
31.9739479,0.1134198,,,,
32.1442886,0.1158938,,,,
32.3146293,0.1184051,,,,
32.4849699,0.1209547,,,,
32.6553106,0.1235437,,,,
32.8256513,0.1261732,,,,
32.9959920,0.1288442,,,,
33.1663327,0.1315579,,,,
33.3366733,0.1343152,,,,
33.5070140,0.1371175,,,,
33.6773547,0.1399657,,,,
33.8476954,0.1428611,,,,
34.0180361,0.1458049,,,,
34.1883768,0.1487981,,,,
34.3587174,0.1518422,,,,
34.5290581,0.1549382,,,,
34.6993988,0.1580874,,,,
34.8697395,0.1612912,,,,
35.0400802,0.1645507,,,,
35.2104208,0.1678673,,,,
35.3807615,0.1712422,,,,
35.5511022,0.1746769,,,,
35.7214429,0.1781727,,,,
35.8917836,0.1817308,,,,
36.0621242,0.1853527,,,,
36.2324649,0.1890398,,,,
36.4028056,0.1927935,,,,
36.5731463,0.1966151,,,,
36.7434870,0.2005060,,,,
36.9138277,0.2044678,,,,
37.0841683,0.2085017,,,,
37.2545090,0.2126093,,,,
37.4248497,0.2167919,,,,
37.5951904,0.2210511,,,,
37.7655311,0.2253882,,,,
37.9358717,0.2298046,,,,
38.1062124,0.2343019,,,,
38.2765531,0.2388813,,,,
38.4468938,0.2435444,,,,
38.6172345,0.2482926,,,,
38.7875752,0.2531271,,,,
38.9579158,0.2580495,,,,
39.1282565,0.2630610,,,,
39.2985972,0.2681630,,,,
39.4689379,0.2733569,,,,
39.6392786,0.2786439,,,,
39.8096192,0.2840253,,,,
39.9799599,0.2895024,,,,
40.1503006,0.2950763,,,,
40.3206413,0.3007483,,,,
40.4909820,0.3065196,,,,
40.6613226,0.3123912,,,,
40.8316633,0.3183643,,,,
41.0020040,0.3244398,,,,
41.1723447,0.3306190,,,,
41.3426854,0.3369026,,,,
41.5130261,0.3432918,,,,
41.6833667,0.3497873,,,,
41.8537074,0.3563901,,,,
42.0240481,0.3631010,,,,
42.1943888,0.3699208,,,,
42.3647295,0.3768503,,,,
42.5350701,0.3838903,,,,
42.7054108,0.3910413,,,,
42.8757515,0.3983042,,,,
43.0460922,0.4056795,,,,
43.2164329,0.4131679,,,,
43.3867735,0.4207699,,,,
43.5571142,0.4284862,,,,
43.7274549,0.4363173,,,,
43.8977956,0.4442637,,,,
44.0681363,0.4523260,,,,
44.2384770,0.4605046,,,,
44.4088176,0.4688002,,,,
44.5791583,0.4772132,,,,
44.7494990,0.4857441,,,,
44.9198397,0.4943935,,,,
45.0901804,0.5031618,,,,
45.2605210,0.5120496,,,,
45.4308617,0.5210575,,,,
45.6012024,0.5301859,,,,
45.7715431,0.5394356,,,,
45.9418838,0.5488070,,,,
46.1122244,0.5583009,,,,
46.2825651,0.5679179,,,,
46.4529058,0.5776586,,,,
46.6232465,0.5875239,,,,
46.7935872,0.5975145,,,,
46.9639279,0.6076312,,,,
47.1342685,0.6178749,,,,
47.3046092,0.6282463,,,,
47.4749499,0.6387466,,,,
47.6452906,0.6493766,,,,
47.8156313,0.6601375,,,,
47.9859719,0.6710302,,,,
48.1563126,0.6820560,,,,
48.3266533,0.6932160,,,,
48.4969940,0.7045115,,,,
48.6673347,0.7159438,,,,
48.8376754,0.7275143,,,,
49.0080160,0.7392243,,,,
49.1783567,0.7510755,,,,
49.3486974,0.7630692,,,,
49.5190381,0.7752072,,,,
49.6893788,0.7874912,,,,
49.8597194,0.7999228,,,,
50.0300601,0.8125038,,,,
50.2004008,0.8252362,,,,
50.3707415,0.8381219,,,,
50.5410822,0.8511628,,,,
50.7114228,0.8643611,,,,
50.8817635,0.8777188,,,,
51.0521042,0.8912383,,,,
51.2224449,0.9049217,,,,
51.3927856,0.9187714,,,,
51.5631263,0.9327899,,,,
51.7334669,0.9469797,,,,
51.9038076,0.9613432,,,,
52.0741483,0.9758832,,,,
52.2444890,0.9906023,,,,
52.4148297,1.0055034,,,,
52.5851703,1.0205893,,,,
52.7555110,1.0358630,,,,
52.9258517,1.0513275,,,,
53.0961924,1.0669858,,,,
53.2665331,1.0828412,,,,
53.4368737,1.0988969,,,,
53.6072144,1.1151562,,,,
53.7775551,1.1316226,,,,
53.9478958,1.1482996,,,,
54.1182365,1.1651907,,,,
54.2885772,1.1822996,,,,
54.4589178,1.1996302,,,,
54.6292585,1.2171861,,,,
54.7995992,1.2349715,,,,
54.9699399,1.2529902,,,,
55.1402806,1.2712464,,,,
55.3106212,1.2897442,,,,
55.4809619,1.3084881,,,,
55.6513026,1.3274823,,,,
55.8216433,1.3467314,,,,
55.9919840,1.3662399,,,,
56.1623246,1.3860125,,,,
56.3326653,1.4060539,,,,
56.5030060,1.4263691,,,,
56.6733467,1.4469629,,,,
56.8436874,1.4678406,,,,
57.0140281,1.4890071,,,,
57.1843687,1.5104679,,,,
57.3547094,1.5322282,,,,
57.5250501,1.5542936,,,,
57.6953908,1.5766697,,,,
57.8657315,1.5993620,,,,
58.0360721,1.6223765,,,,
58.2064128,1.6457189,,,,
58.3767535,1.6693955,,,,
58.5470942,1.6934121,,,,
58.7174349,1.7177752,,,,
58.8877756,1.7424910,,,,
59.0581162,1.7675659,,,,
59.2284569,1.7930066,,,,
59.3987976,1.8188196,,,,
59.5691383,1.8450118,,,,
59.7394790,1.8715901,,,,
59.9098196,1.8985615,,,,
60.0801603,1.9259330,,,,
60.2505010,1.9537119,,,,
60.4208417,1.9819055,,,,
60.5911824,2.0105213,,,,
60.7615230,2.0395668,,,,
60.9318637,2.0690496,,,,
61.1022044,2.0989775,,,,
61.2725451,2.1293584,,,,
61.4428858,2.1602002,,,,
61.6132265,2.1915110,,,,
61.7835671,2.2232990,,,,
61.9539078,2.2555724,,,,
62.1242485,2.2883395,,,,
62.2945892,2.3216089,,,,
62.4649299,2.3553891,,,,
62.6352705,2.3896887,,,,
62.8056112,2.4245165,,,,
62.9759519,2.4598812,,,,
63.1462926,2.4957917,,,,
63.3166333,2.5322570,,,,
63.4869739,2.5692862,,,,
63.6573146,2.6068884,,,,
63.8276553,2.6450727,,,,
63.9979960,2.6838484,,,,
64.1683367,2.7232249,,,,
64.3386774,2.7632115,,,,
64.5090180,2.8038176,,,,
64.6793587,2.8450528,,,,
64.8496994,2.8869266,,,,
65.0200401,2.9294486,,,,
65.1903808,2.9726285,,,,
65.3607214,3.0164758,,,,
65.5310621,3.0610005,,,,
65.7014028,3.1062122,,,,
65.8717435,3.1521208,,,,
66.0420842,3.1987361,,,,
66.2124248,3.2460680,,,,
66.3827655,3.2941264,,,,
66.5531062,3.3429214,,,,
66.7234469,3.3924628,,,,
66.8937876,3.4427608,,,,
67.0641283,3.4938253,,,,
67.2344689,3.5456666,,,,
67.4048096,3.5982947,,,,
67.5751503,3.6517200,,,,
67.7454910,3.7059525,,,,
67.9158317,3.7610026,,,,
68.0861723,3.8168807,,,,
68.2565130,3.8735971,,,,
68.4268537,3.9311624,,,,
68.5971944,3.9895870,,,,
68.7675351,4.0488817,,,,
68.9378758,4.1090571,,,,
69.1082164,4.1701241,,,,
69.2785571,4.2320935,,,,
69.4488978,4.2949764,,,,
69.6192385,4.3587840,,,,
69.7895792,4.4235275,,,,
69.9599198,4.4892184,,,,
70.1302605,4.5558682,,,,
70.3006012,4.6234887,,,,
70.4709419,4.6920920,,,,
70.6412826,4.7616900,,,,
70.8116232,4.8322953,,,,
70.9819639,4.9039203,,,,
71.1523046,4.9765779,,,,
71.3226453,5.0502813,,,,
71.4929860,5.1250437,,,,
71.6633267,5.2008788,,,,
71.8336673,5.2778007,,,,
72.0040080,5.3558235,,,,
72.1743487,5.4349620,,,,
72.3446894,5.5152312,,,,
72.5150301,5.5966464,,,,
72.6853707,5.6792235,,,,
72.8557114,5.7629787,,,,
73.0260521,5.8479286,,,,
73.1963928,5.9340905,,,,
73.3667335,6.0214818,,,,
73.5370741,6.1101208,,,,
73.7074148,6.2000261,,,,
73.8777555,6.2912169,,,,
74.0480962,6.3837130,,,,
74.2184369,6.4775348,,,,
74.3887776,6.5727033,,,,
74.5591182,6.6692403,,,,
74.7294589,6.7671679,,,,
74.8997996,6.8665094,,,,
75.0701403,6.9672884,,,,
75.2404810,7.0695295,,,,
75.4108216,7.1732581,,,,
75.5811623,7.2785002,,,,
75.7515030,7.3852828,,,,
75.9218437,7.4936338,,,,
76.0921844,7.6035820,,,,
76.2625251,7.7151570,,,,
76.4328657,7.8283896,,,,
76.6032064,7.9433114,,,,
76.7735471,8.0599552,,,,
76.9438878,8.1783548,,,,
77.1142285,8.2985452,,,,
77.2845691,8.4205626,,,,
77.4549098,8.5444442,,,,
77.6252505,8.6702286,,,,
77.7955912,8.7979559,,,,
77.9659319,8.9276672,,,,
78.1362725,9.0594052,,,,
78.3066132,9.1932141,,,,
78.4769539,9.3291394,,,,
78.6472946,9.4672285,,,,
78.8176353,9.6075301,,,,
78.9879760,9.7500949,,,,
79.1583166,9.8949750,,,,
79.3286573,10.0422248,,,,
79.4989980,10.1919002,,,,
79.6693387,10.3440593,,,,
79.8396794,10.4987622,,,,
80.0100200,10.6560712,,,,
80.1803607,10.8160509,,,,
80.3507014,10.9787681,,,,
80.5210421,11.1442920,,,,
80.6913828,11.3126946,,,,
80.8617234,11.4840504,,,,
81.0320641,11.6584365,,,,
81.2024048,11.8359333,,,,
81.3727455,12.0166239,,,,
81.5430862,12.2005946,,,,
81.7134269,12.3879351,,,,
81.8837675,12.5787386,,,,
82.0541082,12.7731018,,,,
82.2244489,12.9711251,,,,
82.3947896,13.1729132,,,,
82.5651303,13.3785747,,,,
82.7354709,13.5882227,,,,
82.9058116,13.8019746,,,,
83.0761523,14.0199531,,,,
83.2464930,14.2422855,,,,
83.4168337,14.4691047,,,,
83.5871743,14.7005491,,,,
83.7575150,14.9367628,,,,
83.9278557,15.1778963,,,,
84.0981964,15.4241065,,,,
84.2685371,15.6755573,,,,
84.4388778,15.9324197,,,,
84.6092184,16.1948722,,,,
84.7795591,16.4631018,,,,
84.9498998,16.7373035,,,,
85.1202405,17.0176816,,,,
85.2905812,17.3044499,,,,
85.4609218,17.5978322,,,,
85.6312625,17.8980628,,,,
85.8016032,18.2053877,,,,
85.9719439,18.5200646,,,,
86.1422846,18.8423639,,,,
86.3126253,19.1725697,,,,
86.4829659,19.5109804,,,,
86.6533066,19.8579095,,,,
86.8236473,20.2136869,,,,
86.9939880,20.5786599,,,,
87.1643287,20.9531942,,,,
87.3346693,21.3376752,,,,
87.5050100,21.7325094,,,,
87.6753507,22.1381257,,,,
87.8456914,22.5549771,,,,
88.0160321,22.9835426,,,,
88.1863727,23.4243287,,,,
88.3567134,23.8778715,,,,
88.5270541,24.3447391,,,,
88.6973948,24.8255338,,,,
88.8677355,25.3208949,,,,
89.0380762,25.8315013,,,,
89.2084168,26.3580751,,,,
89.3787575,26.9013843,,,,
89.5490982,27.4622474,,,,
89.7194389,28.0415370,,,,
89.8897796,28.6401845,,,,
90.0601202,29.2591854,,,,
90.2304609,29.8996043,,,,
90.4008016,30.5625816,,,,
90.5711423,31.2493402,,,,
90.7414830,31.9611929,,,,
90.9118236,32.6995509,,,,
91.0821643,33.4659335,,,,
91.2525050,34.2619780,,,,
91.4228457,35.0894521,,,,
91.5931864,35.9502666,,,,
91.7635271,36.8464905,,,,
91.9338677,37.7803676,,,,
92.1042084,38.7543351,,,,
92.2745491,39.7710456,,,,
92.4448898,40.8333905,,,,
92.6152305,41.9445284,,,,
92.7855711,43.1079159,,,,
92.9559118,44.3273442,,,,
93.1262525,45.6069802,,,,
93.2965932,46.9514144,,,,
93.4669339,48.3657160,,,,
93.6372745,49.8554972,,,,
93.8076152,51.4269876,,,,
93.9779559,53.0871217,,,,
94.1482966,54.8436416,,,,
94.3186373,56.7052176,,,,
94.4889780,58.6815924,,,,
94.6593186,60.7837513,,,,
94.8296593,63.0241276,,,,
95.0000000,65.4168485,,,,